"","Symbol","Ask","BookPrice","NetBookPrice","CurrentRatio","NetCurrentRatio","Price/Book Ratio","Net Price/Book Ratio","PriceEarningRatio","NetBookPriceEarningRatio","Name","Trade.Time","Market.Capitalization","Earnings.Share","P.E.Ratio","Price.Book","Shares.Outstanding","Currency","date","cash","netReceivables","totalCurrentAssets","longTermInvestments","propertyPlantEquipment","goodWill","intangibleAssets","otherAssets","deferredLongTermAssetCharges","totalAssets","otherCurrentLiab","otherLiab","minorityInterest","totalCurrentLiabilities","totalLiab","commonStock","retainedEarnings","treasuryStock","capitalSurplus","otherStockholderEquity","totalStockholderEquity","netTangibleAssets","otherCurrentAssets","accountsPayable","deferredLongTermLiab","shortLongTermDebt","shortTermInvestments","inventory","longTermDebt","netIncome","changeToLiabilities","changeToNetincome","changeToOperatingActivities","totalCashFromOperatingActivities","otherCashflowsFromInvestingActivities","totalCashflowsFromInvestingActivities","netBorrowings","otherCashflowsFromFinancingActivities","totalCashFromFinancingActivities","changeInCash","issuanceOfStock","repurchaseOfStock","depreciation","changeToAccountReceivables","dividendsPaid","capitalExpenditures","investments","changeToInventory","effectOfExchangeRate","totalRevenue","costOfRevenue","grossProfit","researchDevelopment","sellingGeneralAdministrative","otherOperatingExpenses","totalOperatingExpenses","operatingIncome","totalOtherIncomeExpenseNet","ebit","incomeBeforeTax","incomeTaxExpense","netIncomeFromContinuingOps","netIncomeApplicableToCommonShares","interestExpense","discontinuedOperations","X.ticker."
"1","AESE",1.8,2.64657137236567,2.45499832660142,28.8850831277724,18.5415667372638,0.67256831600391,0.725051431525938,1.39426800929512,1.90162534980745,"Allied Esports Entertainment, I","2022-01-24 16:00:03",69672584,1.291,1.3787761,0.67245936,39141900,"USD","2021-09-30",95221785,338118,101571333,NA,6873533,NA,29820,625000,NA,109099686,573922,1961640,NA,3516394,5478034,3915,-94251576,226855,197642458,226855,103621652,103591832,5000000,342185,NA,NA,NA,NA,NA,74302594,-350319,-76940156,-3022558,-5154104,-10000000,96129139,-3421096,NA,-3421096,87531794,NA,NA,806137,50198,NA,-25865,NA,NA,-22145,1685828,1056925,628903,NA,3602041,NA,5616323,-3930495,955100,-3930495,-2975395,0,-2975395,74302594,-11809,77277989,"AESE"
"2","APWC",1.33,11.0344652923001,10.8178904028307,2.22694226760696,1.9514959808046,0.120531447345124,0.122944494983278,35.945945945946,292.375416292723,"Asia Pacific Wire & Cable Corpo","2022-01-24 15:59:29",18380202,0.037,35.945946,0.120416485,13819700,"USD","2021-06-30",39014000,122753000,306621000,5532000,56354000,NA,148000,11837000,3961000,380492000,16056000,14266000,70730000,137687000,157121000,138000,52716000,-10629000,110416000,-10591000,152641000,152493000,5798000,42633000,NA,113000,NA,133297000,3493000,-58000,7508000,2313500,-2705000,-23128000,NA,-952500,20758500,-1407500,19351000,-6611500,NA,NA,1329500,-9115500,NA,-2113000,1094500,-22414000,-1882000,112641000,103707000,8934000,NA,6512500,-60500,110159000,2482000,-1277000,2482000,1205000,869000,336000,-58000,-291500,NA,"APWC"
"3","BAOS",0.8265,2.69826405976597,2.45563894356955,3.87123794223209,3.75172322674903,0.296931638062545,0.326269449867481,39.3571428571429,116.935187789026,"Baosheng Media Group Holdings L","2022-01-24 16:00:03",23443752,0.021,38.15238,0.2938027,29260800,"USD","2021-06-30",12118982,56648555,97966310,1548803,2628333,NA,831209,2922269,NA,105896924,7428008,NA,NA,25306197,26112350,14630,36370379,1893783,41505782,1893783,79784574,78953365,29198773,16664963,NA,NA,NA,NA,NA,-135836,0,-13742461,NA,-13878296,-375655,-2859358,-772774,NA,19243359,2869855,20016132,NA,NA,NA,NA,-211127,-772774,NA,364150,1207676,485509,722167,NA,1843577,NA,2329086,-1121410,985574,-1121410,-135836,0,-135836,-135836,-32102,NA,"BAOS"
"4","BHAT",0.373,0.866367087754506,0.698247923889683,2.40970657429972,2.4042874490374,0.444384378679322,0.551380085536533,2.3167701863354,4.336943626644,"Blue Hat Interactive Entertainm","2022-01-24 15:59:57",20565622,0.161,2.3913043,0.27737752,53417200,"USD","2021-09-30",11887108,48592386,63858858,1850310,4431180,787047,27089943,12039632,255335,110056970,20907998,NA,9340667,26500678,26560409,53667,35503955,2736490,35861782,2736490,74155894,46278904,3135062,3813233,NA,NA,NA,244302,NA,2015785,0,NA,NA,NA,NA,NA,NA,NA,NA,NA,NA,NA,NA,NA,NA,NA,NA,NA,NA,13316780,7903014,5413766,1077914,2330813,NA,11311741,2005039,870100,2005039,2875139,859354,2015785,2015785,-28026,NA,"BHAT"
"5","BZUN",13.56,60.3331858082246,32.9813285839314,4.16957645770336,1.54454230775374,0.214309922079564,0.392040008833119,229.830508474576,559.005569219177,"Baozun Inc.","2022-01-24 16:00:03",935592896,0.059,219.15254,0.17961577,72358304,"USD","2021-09-30",1921459000,1944811000,6769003000,352589000,1663515000,401474000,441811000,144048000,51479000,9772440000,7085000,180274000,181018000,1623427000,4382530000,137000,493122000,-401167000,5116800000,-78790000,5208892000,4365607000,989013000,553565000,NA,NA,816016000,1097704000,1759375000,-292506000,0,NA,NA,NA,NA,NA,NA,NA,NA,NA,NA,NA,NA,NA,NA,NA,NA,NA,NA,1898765000,1229931000,668834000,113946000,726639000,-15226000,2055290000,-156525000,-130136000,-156525000,-286661000,6349000,-293010000,-292506000,-14238000,NA,"BZUN"
"6","CAAS",2.76,9.72377624644267,3.82852864338548,1.43885269318161,1.32869717183017,0.276641501886692,0.702619809172261,29.6774193548387,41.1669746600589,"China Automotive Systems, Inc.","2022-01-24 16:00:03",82991344,0.093,28.92473,0.26718315,30851800,"USD","2021-09-30",80729000,227276000,477466000,40742000,129249000,NA,10623000,28066000,NA,686146000,64512000,27511000,16178000,331838000,359349000,3000,232883000,14002000,63731000,19263000,310619000,299996000,63034000,215107000,NA,NA,NA,106427000,NA,-317000,-5215000,3297000,-5026000,-11412000,NA,4481000,4826000,NA,4826000,-2316000,NA,NA,6569000,-256000,NA,-1417000,6274000,-10464000,-211000,108231000,91439000,16792000,5712000,10976000,-487000,107640000,591000,1582000,591000,2173000,2441000,-268000,-317000,-255000,NA,"CAAS"
"7","CLEU",0.9,3.32926030303767,3.30467400370901,35.4788857823866,35.4788857823866,0.267326648861896,0.269315520684069,4.47761194029851,16.4411641975573,"China Liberal Education Holding","2022-01-24 16:00:02",10989987,0.201,4.4278607,0.26734754,12348300,"USD","2021-06-30",33698671,4016757,41990645,NA,134730,NA,NA,168869,NA,42294244,717477,NA,NA,1183539,1183539,12348,2342985,302562,38452810,302562,41110705,41110705,NA,83524,NA,NA,NA,4033956,NA,113011,-40933,26928,23285,-946048,726927,725177,6193,NA,14529737,14345611,14523544,NA,27979,808979,NA,-1750,NA,-1968513,36746,925276,238364,686912,NA,536022,NA,774386,150890,26362,150890,177252,64241,113011,113011,NA,NA,"CLEU"
"8","CLPS",2.1,2.60742706168386,2.50557590878789,3.30444274943912,3.04481439867361,0.713346895617025,0.742344302352349,5.38461538461539,6.42455361227664,"CLPS Incorporation","2022-01-24 16:00:04",37945488,0.39,4.769231,0.6659506,20400800,"USD","2021-06-30",24739382,44685125,76113500,1014784,600791,2444950,1050499,1503918,607773,82728442,642331,1954416,1041648,23033687,24997747,2029,6940240,1230083,48516695,1230083,56689047,53193598,NA,559450,NA,NA,4158535,NA,9644,978228,0,NA,NA,NA,NA,NA,NA,NA,NA,NA,NA,NA,NA,NA,NA,NA,NA,NA,NA,33871743,23025237,10846505,3588363,6057558,-1040044,31631115,2240628,-614707,2240628,1625922,582455,1043467,978228,NA,NA,"CLPS"
"9","CREG",6.77,19.358115435699,19.3337531038864,14.078051635404,9.01543755767111,0.327511219832286,0.327923914510193,5.52202283849918,15.7697823033331,"China Recycling Energy Corporat","2022-01-24 16:00:04",43915912,1.226,5.171289,0.3181613,6926800,"USD","2021-09-30",149522088,1048665,150628930,NA,151852,NA,NA,16901,NA,150797683,2527826,5637202,NA,10699558,16707889,6729,-26484650,975955,159591760,975955,134089794,134089794,19585,76537,NA,7133323,NA,NA,308385,-556574,0,283303,-31044,-902453,NA,NA,NA,NA,-1,-1472071,NA,-1,15329,20,NA,NA,NA,-850000,-569617,0,0,0,NA,380040,NA,380040,-380040,-165632,-380040,-545672,10902,-556574,-556574,-165854,NA,"CREG"
"10","EJH",0.87,1.91403196988827,1.65796287252543,8.76931235274274,6.51828723416064,0.44001352536775,0.507972746973681,3.88392857142857,7.40161996663139,"E-Home Household Service Holdin","2022-01-24 16:00:02",28282422,0.224,3.7598212,0.4397911,33581600,"USD","2021-06-30",52410472,826683,65766598,NA,5912952,NA,36031,2639217,704262,74354798,2993656,NA,-47041,7499630,10089552,3359,37468382,1298015,25542531,1298015,64312287,64276256,4413271,3657700,NA,NA,3400030,246778,NA,-1248596,-1115421,615465,-1167177,-3647448,-1766168,-2682710,NA,NA,10830647,4444699,10830647,NA,217404,410745,NA,-8492,NA,-117543,-55788,15143359,10002592,5140767,NA,6527359,NA,16529951,-1386592,485333,-1386592,-901259,351222,-1252481,-1248596,-6345,NA,"EJH"
"11","EZGO",1.2,1.42324877262621,1.5418004715503,3.33337887743574,3.33337887743574,0.808010533448764,0.745881209157799,36.3636363636364,46.721226410615,"EZGO Technologies Ltd.","2022-01-24 15:56:32",15412990,0.033,34.848484,0.65340906,13402600,"USD","2021-03-31",7074834,7861949,29520020,NA,2439760,NA,NA,455953,150693,32415733,2204557,NA,4484614,8855885,8855885,10839,1429651,-4482895,22117639,-4482895,19075234,19075234,6356508,527325,NA,304968,2289447,2849276,NA,-179411,0,NA,NA,NA,NA,NA,NA,NA,NA,NA,NA,NA,NA,NA,NA,NA,NA,NA,NA,4802378,4335558,466821,NA,658823,NA,4994380,-192002,62180,-192002,-129822,14675,-144497,-179411,-8239,NA,"EZGO"
"12","FANH",7.99,32.8861747736271,19.450950374898,2.66791318130549,1.93656548446397,0.198259608904695,0.335202137855691,9.75579975579976,23.7496341573847,"Fanhua Inc.","2022-01-24 16:00:02",350088800,0.819,7.960928,0.18664835,53694600,"USD","2021-09-30",615534000,629782000,2159561000,386175000,247092000,NA,109869000,203102000,16128000,3105799000,287734000,200827000,114970000,809457000,1115150000,8088000,1909077000,-41486000,NA,-41486000,1875679000,1765810000,132052000,300076000,NA,NA,782193000,NA,NA,34250000,0,8683000,-25228000,17705000,-2841000,329365000,NA,NA,-51958000,294769000,NA,NA,NA,NA,-51958000,NA,332206000,NA,-343000,683537000,440878000,242659000,NA,214496000,NA,655374000,28163000,17917000,28163000,46080000,9315000,36765000,34250000,NA,NA,"FANH"
"13","FFHL",7.53,85.4224334321338,48.3180437498469,2.63486454652532,2.58662121943372,0.0852246859944941,0.150670422499509,3.56872037914692,22.8995468008753,"Fuwei Films (Holdings) Co., Ltd","2022-01-24 16:00:04",23775642,2.11,3.4502845,0.08522412,3265840,"USD","2021-06-30",176069000,44418000,257255000,NA,105928000,NA,NA,15249000,297000,378432000,10872000,1821000,NA,97635000,99456000,13323000,-47094000,840000,311907000,840000,278976000,278976000,12291000,21763000,NA,NA,NA,24477000,NA,19806000,1575000,5579000,-17838000,15168000,926000,5641000,-75519000,NA,-75519000,-54710000,NA,NA,2947000,267000,NA,4000,NA,1194000,NA,100582000,60728000,39854000,NA,13958000,NA,74686000,25896000,-354000,25896000,25542000,5736000,19806000,19806000,-1378000,NA,"FFHL"
"14","FUTU",42.99,147.102255372532,141.63627686266,1.25371417465376,1.24907986823347,0.294013156788477,0.305359611469603,17.4543239951279,57.5055935292974,"Futu Holdings Limited","2022-01-24 16:00:03",6343563776,2.463,17.559885,0.30811206,146672000,"USD","2021-09-30",2082051000,41750670000,104177348000,NA,238514000,NA,NA,563192000,NA,104979054000,37728000,54270000,NA,83094975000,83403272000,96000,3653663000,29058000,17892965000,29058000,21575782000,21575782000,60334627000,68726449000,NA,NA,10000000,NA,NA,615211000,0,NA,NA,NA,NA,NA,NA,NA,NA,NA,NA,NA,NA,NA,NA,NA,NA,NA,NA,1656731000,192899000,1463832000,NA,763752000,NA,956651000,700080000,9902000,0,709982000,94771000,615211000,615211000,NA,NA,"FUTU"
"15","GRVY",80.4,34719.5959072659,32663.2992272158,3.88361776009293,3.59993127147766,0.00178343082859784,0.00189570555217778,8.35064395513087,3392.5321174923,"GRAVITY Co., Ltd.","2022-01-24 16:00:04",430275872,9.628,6.431242,0.001758647,6948900,"USD","2021-09-30",118173000000,82082000000,314274000000,2388000000,10307000000,NA,3400000000,2365000000,787000000,332734000000,22867000000,6377000000,771000000,80923000000,87300000000,3474000000,212053000000,2037000000,27099000000,2037000000,244663000000,241263000000,3958000000,56702000000,NA,NA,108000000000,NA,NA,26351000000,0,NA,NA,NA,NA,NA,NA,NA,NA,NA,NA,NA,NA,NA,NA,NA,NA,NA,NA,128670000000,66146000000,62524000000,4143000000,18091000000,48000000,88428000000,40242000000,1193000000,40242000000,41435000000,15151000000,26284000000,26351000000,-935000000,NA,"GRVY"
"16","GURE",4.21,26.9567525669803,9.14134438129806,8.9896277605852,5.30806129981904,0.155805117458571,0.459451019982644,93.5555555555556,203.140986251068,"Gulf Resources, Inc.","2022-01-24 16:00:03",43971900,0.045,93.33333,0.15580368,10469500,"USD","2021-09-30",98880826,13433675,117920705,NA,158925749,NA,NA,27592667,17397924,304439121,6511439,NA,NA,13117418,22215400,24375,175810171,5820015,100569160,6330344,282223721,282223721,5116702,653102,NA,NA,NA,489502,NA,5393615,3383919,-1106652,-2473670,4036769,NA,-2753717,6000,NA,6000,1822799,NA,NA,6669864,-8730312,NA,-2753717,NA,185667,533747,17753669,9426755,8326914,NA,1228853,86,10655694,7097975,45923,7097975,7143898,1750283,5393615,5393615,-32420,NA,"GURE"
"17","HYW",5.72,24.8822142857143,23.8400714285714,1.85586230813305,1.82461840265253,0.223050888328152,0.232801315911685,4.68085106382979,19.5090600888473,"Hywin Holdings Ltd.","2022-01-24 16:00:02",155400000,1.222,4.541735,0.21555911,28000000,"USD","2021-06-30",439287000,720164000,1477014000,NA,21104000,NA,24225000,8076000,649000,1530419000,402222000,13628000,NA,795864000,809492000,36000,213560000,4281000,503050000,4281000,720927000,696702000,301538000,NA,NA,NA,NA,NA,NA,62102000,0,NA,NA,NA,NA,NA,NA,NA,NA,NA,NA,NA,NA,NA,NA,NA,NA,NA,NA,502313000,0,502313000,NA,414331000,NA,423466000,78847000,7333000,78847000,86180000,24078000,62102000,62102000,NA,NA,"HYW"
"18","JOBS",49.96,172.200298944796,116.856408629065,3.73977924563427,3.39600031620457,0.290301473575582,0.427789978489859,34.5504840940526,80.8135606010133,"51job, Inc.","2022-01-24 16:00:04",3371185664,1.446,34.57123,0.2636812,67437200,"USD","2021-09-30",9984321000,357342000,11169479000,2235964000,579255000,1036124000,136280000,1104334000,48022000,16261436000,2630575000,212366000,187316000,2986668000,3289010000,54000,7175092000,276829000,5333135000,276829000,12785110000,11612706000,642786000,123073000,NA,2500000,185030000,NA,47500000,46627000,0,NA,NA,NA,NA,NA,NA,NA,NA,NA,NA,NA,NA,NA,NA,NA,NA,NA,NA,1081351000,399888000,681463000,NA,551800000,NA,951688000,129663000,-68484000,129663000,61179000,20347000,40832000,46627000,NA,NA,"JOBS"
"19","LSEA",7.98,11.925299960459,11.3786837391505,12.0101597541881,2.06697652367185,0.637300516745302,0.667915551690219,15.0282485875706,21.4287829362534,"Landsea Homes Corporation","2022-01-24 16:00:03",351736352,0.531,14.312617,0.6082433,46281100,"USD","2021-09-30",82360000,4151000,1020179000,4301000,12996000,24457000,1917000,9261000,3958000,1073111000,18928000,40727000,1260000,84943000,493561000,5000,46398000,NA,531887000,NA,578290000,551916000,18586000,55345000,NA,NA,NA,907937000,361735000,10797000,433000,-7169000,-15977000,-39889000,NA,5930000,-30742000,-226000,-30968000,-64927000,NA,NA,1287000,NA,NA,-1541000,7471000,-29260000,NA,214129000,174928000,39201000,NA,29204000,NA,204132000,9997000,3762000,9997000,13759000,2977000,10782000,10558000,NA,NA,"LSEA"
"20","LX",3.36,36.8601854611969,18.9769348205776,1.62596932372424,1.27092306528819,0.0903413816915078,0.175476182821626,1.79775280898876,10.1535231784792,"LexinFintech Holdings Ltd.","2022-01-24 16:00:04",609133632,1.869,1.7817014,0.079585105,182923008,"USD","2021-09-30",2545779000,4624491000,16284247000,471370000,156759000,NA,974667000,2533400000,866043000,20570788000,1500235000,36652000,40616000,10015101000,12812929000,237000,4841079000,5605000,2870322000,5605000,7717243000,6742576000,5079757000,18939000,NA,3153038000,NA,52460000,2614617000,580483000,0,NA,NA,NA,NA,NA,NA,NA,NA,NA,NA,NA,NA,NA,NA,NA,NA,NA,NA,2968795000,1334315000,1634480000,130996000,591397000,127958000,2184666000,784129000,-97380000,784129000,686749000,105987000,580762000,580483000,-14023000,NA,"LX"
"21","LXEH",7.38,26.7941410292949,11.2424540627297,2.91584332403015,2.75107423166023,0.23699210372365,0.564823286318944,16.9655172413793,25.8447219832866,"Lixiang Education Holding Co., ","2022-01-24 10:38:27",84667088,0.435,14.597701,0.21446906,13333400,"USD","2021-06-30",215623319,NA,235504810,NA,205820845,NA,37513150,1536018,1536018,480374823,1714773,170700,NA,80767306,85604673,45198,221624297,-8749148,181849803,-8749148,394770150,357257000,18496384,7768063,NA,2666666,NA,1385107,4666667,14046466,0,NA,NA,NA,NA,NA,NA,NA,NA,NA,NA,NA,NA,NA,NA,NA,NA,NA,NA,51693082,31078673,20614409,NA,7751683,NA,38830356,12862726,2198055,12862726,15060781,1014315,14046466,14046466,-941121,NA,"LXEH"
"22","MOMO",9,51.3605142369714,14.488220480117,4.22935152466285,1.38140064307169,0.182175075299865,0.64580778304697,6.20689655172414,9.99187619318413,"Hello Group Inc.","2022-01-24 16:00:04",1842802176,1.45,6.165517,0.119568266,196952000,"USD","2021-09-30",3283840000,218944000,10335076000,6537347000,512152000,4037551000,572687000,212573000,34511000,22207386000,755627000,283969000,NA,2443655000,7481592000,14725794000,NA,NA,NA,NA,14725794000,10115556000,2135000,720107000,NA,NA,6010000000,NA,4612019000,403191000,-28489000,134350000,-45921000,559880000,13000,1327752000,NA,-48489000,-804742000,1079229000,461000,-756714000,73418000,-1616000,NA,-30919000,1358658000,NA,-3661000,3759180000,2183337000,1575843000,260939000,875630000,-21221000,3298685000,460495000,78553000,460495000,539048000,143158000,395890000,403191000,-18669000,NA,"MOMO"
"23","OXBRW",0.26,2.39553229303107,1.36162509003957,2.16583558911526,2.05571331981068,0.197242155078267,0.347011784296144,0.208,1.08930007203166,"Oxbridge Re Holdings Limited","2022-01-24 15:43:52",2709121,1.25,0.378,0.17979452,5733590,"USD","2018-03-31",701000,3582000,15202000,5858000,30000,NA,40000,NA,NA,21130000,830000,376000,NA,7019000,7395000,6000,-18382000,-20000,32131000,-20000,13735000,13735000,10792000,6189000,NA,NA,NA,NA,NA,-211000,477000,383000,-552000,319000,NA,256000,NA,NA,NA,575000,NA,NA,6000,216000,NA,NA,256000,NA,NA,115000,8000,107000,NA,318000,NA,326000,-211000,0,-211000,-211000,0,-211000,-211000,NA,NA,"OXBRW"
"24","QFIN",19.95,91.3095561594203,57.0943775879917,1.89651348411641,1.52626385224715,0.217282843488591,0.347494811891475,3.56059253971087,10.1899656591097,"360 DigiTech, Inc.","2022-01-24 16:00:03",3066470400,5.603,3.54096,0.21651116,154560000,"USD","2021-09-30",4224320000,13214552000,25592725000,NA,51868000,NA,4020000,5236430000,1159367000,30885043000,11355671000,3263655000,NA,13494618000,16768218000,21000,8596706000,-94618000,5614716000,-94618000,14116825000,14112805000,7834288000,NA,NA,NA,NA,NA,NA,1564077000,0,212600000,NA,1776677000,-3430815000,-3430815000,NA,455225000,455225000,-1198870000,NA,NA,NA,NA,NA,NA,NA,NA,43000,4612813000,1141429000,3471384000,NA,750267000,698313000,2719095000,1893718000,28958000,1893718000,1922676000,358599000,1564077000,1564077000,NA,NA,"QFIN"
"25","QIWI",7.16,490.607200292163,435.089731350551,2.16998246560561,1.73038451196558,0.0144758538639851,0.0163229734565401,2.17894096165551,132.407100228409,"QIWI plc","2022-01-24 16:00:02",443380928,3.286,2.1515522,0.010722861,62430800,"USD","2021-09-30",37478000000,15511000000,64353000000,1117000000,1476000000,NA,10546000000,976000000,202000000,78468000000,9120000000,2246000000,103000000,29656000000,37190000000,1000000,24131000000,3099000000,13944000000,3099000000,41175000000,30629000000,1104000000,19060000000,NA,NA,10260000000,NA,4942000000,8787000000,1584000000,-5727000000,-1563000000,3796000000,532000000,-870000000,114000000,-10000000,-1272000000,1625000000,NA,NA,277000000,438000000,-1376000000,-118000000,-1197000000,NA,-29000000,11746000000,6823000000,4923000000,NA,986000000,NA,8189000000,3557000000,6237000000,3557000000,9794000000,958000000,8836000000,8787000000,NA,NA,"QIWI"
"26","SDH",1.34,2.30728151500326,1.89864950260926,18.7195957906188,18.1778231967003,0.576435980131183,0.700497948521663,3.15294117647059,4.46741059437474,"Global Internet of People, Inc.","2022-01-24 16:00:04",32622242,0.425,3.1294117,0.53889793,24528000,"USD","2021-06-30",21029237,12955103,49281133,4347397,3736232,NA,3942446,2002079,1302079,63309287,2082693,NA,62782,2632596,2711058,2453,26746243,1768598,32018153,1768598,60535447,56593001,NA,53638,NA,NA,7080596,2635872,NA,-695397,0,NA,NA,NA,NA,NA,NA,NA,NA,NA,NA,NA,NA,NA,NA,NA,NA,NA,NA,2720979,1379486,1341493,521589,1426923,NA,3327998,-607019,-387366,-607019,-994385,-273679,-720706,-695397,NA,NA,"SDH"
"27","SJ",6.36,14.1411642971552,11.5982154247403,2.91249709099372,2.19703536278952,0.386467651318856,0.471202021405635,7.01986754966887,12.8015622789627,"Scienjoy Holding Corporation","2022-01-24 16:00:04",154223008,0.906,5.5187635,0.21190031,28219600,"USD","2021-09-30",291879000,241485000,600720000,53000000,1475000,92069000,236686000,17286000,5147000,1001236000,139862000,67167000,NA,206256000,273423000,133719000,578467000,15627000,NA,15627000,727813000,399058000,NA,35406000,NA,NA,40606000,NA,NA,74494000,0,NA,NA,NA,NA,NA,NA,NA,NA,NA,NA,NA,NA,NA,NA,NA,NA,NA,NA,412934000,340608000,72326000,16279000,15373000,NA,372020000,40914000,33446000,40914000,74360000,-134000,74494000,74494000,NA,NA,"SJ"
"28","SY",2.7,16.0755989166094,10.2298580910964,2.22958373835042,2.01366851950202,0.164224052471994,0.258068096007876,52.9411764705882,200.585452766595,"So-Young International Inc. - A","2022-01-24 16:00:02",276819840,0.051,51.76471,0.11337771,104856000,"USD","2021-09-30",1576173000,108812000,2130860000,253373000,228020000,589193000,166727000,228216000,60072000,3596389000,225669000,30461000,96648000,955721000,1058198000,266000,-224301000,-284792000,2950370000,-67080000,2441543000,1685623000,120337000,NA,NA,NA,234288000,91250000,NA,6768000,0,NA,NA,NA,NA,NA,NA,NA,NA,NA,NA,NA,NA,NA,NA,NA,NA,NA,NA,431450000,89638000,341812000,77113000,245431000,NA,412182000,19268000,-9098000,19268000,10170000,4298000,5872000,6768000,NA,NA,"SY"
"29","UPC",1.49,2.32237645977012,2.07921048275862,3.72712069522394,3.72712069522394,0.585607038117594,0.654094432130604,2.48747913188648,3.47113603131656,"Universe Pharmaceuticals Inc","2022-01-24 16:00:00",29580000,0.599,2.2704508,0.58344054,21750000,"USD","2021-03-31",35999129,17799597,61805456,762500,4404018,NA,178573,122342,122342,67272889,4553726,NA,NA,16582628,16582628,67969,23326312,-1878208,29174188,-1878208,50690261,50511688,NA,8589492,NA,NA,NA,4917271,NA,3573899,2900705,-104383,-1396950,529065,NA,-25438,1097320,NA,12068278,12970464,10970958,NA,121733,-3161037,NA,-25438,NA,-1432456,398559,12146474,6152339,5994135,155334,1047393,NA,7355066,4791409,-12136,4791409,4779273,1205374,3573899,3573899,-23336,NA,"UPC"
"30","VINP",14.49,33.7281287620178,30.248708398414,9.85294307473861,6.29171320356579,0.506279701718555,0.564515573499816,21.3716814159292,44.6146141569528,"Vinci Partners Investments Ltd.","2022-01-24 16:00:02",724824448,0.678,18.790562,0.50298077,42447300,"USD","2021-09-30",105499000,48632000,1526615000,10707000,99574000,NA,1025000,37448000,4401000,1675369000,32879000,7418000,37000,154940000,242639000,15000,62540000,-11900000,1382038000,13902000,1432693000,1431668000,10810000,11178000,NA,NA,NA,NA,NA,51608000,18626000,9383000,25900000,118471000,NA,15108000,-4645000,-1024000,-109335000,25530000,29000,-14916000,3265000,10376000,-88779000,-422000,15530000,NA,1286000,123628000,0,123628000,NA,52898000,1384000,57718000,65910000,-2906000,65910000,63004000,11401000,51603000,51608000,-3065000,NA,"VINP"
"31","VIOT",2.1,22.5591787334957,20.0711444639902,2.0689172667983,2.02041020120903,0.0886557096615586,0.0996455385784413,5.49738219895288,52.5422629947386,"Viomi Technology Co., Ltd","2022-01-24 16:00:02",138478800,0.382,5.235602,0.08421762,69239400,"USD","2021-09-30",771732000,658914000,2751631000,NA,126504000,NA,72377000,49723000,25263000,3000235000,137022000,5775000,3957000,1329986000,1361917000,12000,427220000,-118772000,1325901000,-64172000,1634361000,1561984000,25625000,859612000,NA,NA,590524000,541165000,16106000,-29263000,0,NA,NA,NA,NA,NA,NA,NA,NA,NA,NA,NA,NA,NA,NA,NA,NA,NA,NA,1056526000,816797000,239729000,82201000,208080000,-11896000,1095182000,-38656000,3318000,-38656000,-35338000,-6191000,-29147000,-29263000,NA,NA,"VIOT"
"32","WILC",18.61,40.9617076512584,35.7425542655225,10.5745306277262,9.00029054283086,0.454326779527337,0.520667901428854,25.6689655172414,49.3000748489965,"G. Willi-Food International,  L","2022-01-24 16:00:02",258064880,0.725,25.668966,2.0419135,13867000,"USD","2021-09-30",218980000,140347000,557595000,29374000,43000000,36000,NA,NA,NA,630005000,25240000,5757000,NA,52730000,61953000,1490000,397505000,-1703000,170760000,-1075000,568052000,568016000,NA,22707000,NA,NA,NA,48115000,NA,5214000,16868000,-99000,NA,38586000,NA,-14054000,-601000,NA,-60576000,-36530000,NA,NA,1631000,4624000,-59975000,-1130000,-12987000,10348000,-486000,106268000,76808000,29460000,NA,21350000,-63000,98095000,8173000,-1587000,8173000,6586000,1372000,5214000,5214000,-302000,NA,"WILC"
"33","XNET",1.77,3.99927752136089,2.3993306623517,2.67915430958909,2.27023075707286,0.442579923708,0.737705714374592,18.8297872340426,25.5247942803372,"Xunlei Limited","2022-01-24 16:00:04",118575128,0.094,18.829788,0.396861,66991600,"USD","2021-09-30",91816000,45191000,287275000,27769000,57187000,22744000,8122000,20419000,NA,423516000,37349000,1647000,-1808000,107226000,126540000,84000,-173679000,-1153000,473532000,-1153000,298784000,267918000,13202000,27288000,NA,NA,136493000,573000,17667000,-5100000,0,NA,NA,NA,NA,NA,NA,NA,NA,NA,NA,NA,NA,NA,NA,NA,NA,NA,NA,59782000,30437000,29345000,16830000,18221000,NA,65488000,-5706000,702000,-5706000,-5004000,122000,-5126000,-5100000,-23000,NA,"XNET"
"34","YGMZ",1.45,2.16908537311935,1.97130188833073,4.07067355606771,4.02472153903313,0.650043541282048,0.715263321986447,55.7692307692308,75.8193033973358,"MingZhu Logistics Holdings Limi","2022-01-24 16:00:03",22482872,0.026,54.230766,0.6394558,15945300,"USD","2021-06-30",4693923,21423338,41825031,NA,2884414,NA,NA,269303,NA,44978748,3612507,NA,NA,10274720,10392031,15687,7427860,-740780,27883950,-740780,34586717,34586717,15548877,652191,NA,183285,NA,81453,31531,-177872,-388380,13295,-3067060,-2511969,NA,-28602,-5410430,NA,3826952,1294149,9237382,NA,373658,1525542,NA,-28602,NA,-40641,7768,4801040,4114644,686396,NA,492926,NA,4607570,193470,-350983,193470,-157513,20360,-177872,-177872,-117634,NA,"YGMZ"
"35","ACR",13.5,46.7143695462779,42.4062540788509,6.06385964279705,1.24691052907016,0.257522463870173,0.283684560332316,4.23861852433281,13.3143654878653,"ACRES Commercial Realty Corp.","2022-01-24 16:00:02",113366024,3.185,3.77708,0.2467085,9423610,"USD","2021-09-30",109949000,1873441000,2018101000,1548000,6243000,NA,3041000,32817000,NA,2061750000,4683000,NA,NA,332808000,1618481000,9000,-730862000,-8594000,1182706000,-8594000,443259000,440218000,34711000,3168000,NA,320465000,NA,NA,1282137000,-4928000,0,5351000,-1626000,1850000,75000,-209389000,252852000,913000,244086000,36547000,NA,-889000,3053000,NA,-4323000,-68000,NA,NA,NA,11559000,2401000,9158000,NA,4364000,NA,7552000,4007000,-8935000,0,-4928000,0,-4928000,-9805000,NA,NA,"ACR"
"36","ATHM",32.88,144.885877740438,147.962241958713,7.82042469524464,6.36403288676378,0.216584254872628,0.212081132703677,8.48297213622291,38.1739530337238,"Autohome Inc.","2022-01-24 16:00:02",3921872384,3.876,8.095975,0.17585546,124980000,"USD","2021-09-30",2321132000,2307725000,21939787000,69356000,410756000,NA,4448529000,297977000,96191000,27166405000,1066035000,594082000,1162573000,2805447000,3447466000,22556366000,NA,NA,NA,NA,22556366000,18107837000,87235000,NA,NA,NA,16862459000,NA,NA,535483000,0,NA,NA,NA,NA,NA,NA,NA,NA,NA,NA,NA,NA,NA,NA,NA,NA,NA,NA,1763763000,281212000,1482551000,364029000,822944000,-69506000,1398679000,365084000,152205000,365084000,517289000,18204000,499085000,511038000,NA,NA,"ATHM"
"37","BEKE",21.1,54.3407630690271,30.5029212999357,2.39212708956253,2.06886797135748,0.387738383534438,0.690753499483895,134.394904458599,194.286122929527,"KE Holdings Inc","2022-01-24 16:00:35",25092261888,0.157,134.20381,0.3684468,1190899968,"USD","2021-09-30",21780230000,13761541000,70311349000,17650777000,9761885000,2107777000,1280315000,1028971000,NA,102141074000,7858560000,19780000,53148000,29392815000,33985421000,489000,-8429277000,-2121041000,78652334000,-2121041000,68102505000,64714413000,11425536000,5309823000,NA,397000000,23344042000,NA,NA,-1764920000,0,261041000,NA,-1158435000,-10964521000,-10964521000,NA,71801000,71801000,-11966191000,NA,NA,345444000,NA,NA,NA,NA,NA,84964000,18096140000,15341509000,2754631000,1042906000,3614483000,NA,19998898000,-1902758000,340397000,-1902758000,-1562361000,203514000,-1765875000,-1764920000,NA,NA,"BEKE"
"38","CAJ",24.72,1419.32262611202,95.7753631605476,1.40775953285462,1.0558591015942,0.0173082557487275,0.25649601517587,14.1015402167712,54.6351187453209,"Canon, Inc.","2022-01-24 16:00:02",25690384384,1.753,13.8847685,0.009289591,1045769984,"USD","2021-09-30",482240000000,501758000000,1893224000000,63198000000,1132592000000,956943000000,298841000000,407417000000,NA,4752215000000,322892000000,376462000000,219081000000,1344849000000,1793065000000,174762000000,3544825000000,-1384067000000,404549000000,-225705000000,2740069000000,1484285000000,325000000,327793000000,NA,300293000000,92000000,636304000000,5924000000,49317000000,14652000000,-38684000000,17421000000,77366000000,NA,-67958000000,-1131000000,-2076000000,-50271000000,-41325000000,NA,-4000000,54398000000,25850000000,-47060000000,-41155000000,1158000000,-46848000000,-462000000,833324000000,445365000000,387959000000,72700000000,251776000000,NA,769841000000,63483000000,15843000000,63483000000,79326000000,25001000000,54325000000,49317000000,-94000000,NA,"CAJ"
"39","CANG",3.11,46.2991511229565,24.4422874672842,2.23072796355622,1.83230358059331,0.0667398839427531,0.126420245107175,2.04068241469816,16.0382463696091,"Cango Inc.","2022-01-24 16:00:02",450997856,1.524,2.027559,0.06421446,145954000,"USD","2021-09-30",906425650,2565526864,7853685691,NA,19914252,148657971,45702955,3170182426,424256893,11238143295,1050575505,127105312,NA,3520682853,4286236066,204260,2867246023,-564289864,4648746810,-153214761,6951907229,6757546303,793546044,NA,NA,1006900131,3588187133,NA,638447901,-416537720,0,NA,NA,NA,NA,NA,NA,NA,NA,NA,NA,NA,NA,NA,NA,NA,NA,NA,NA,800634866,655881684,144753182,17423683,110831434,NA,784136801,16498065,-471202153,16498065,-454704088,-38166368,-416537720,-416537720,-8320463,NA,"CANG"
"40","CMCM",1.24,26.5939675388884,7.57749926765009,1.97979971383534,1.64479664670572,0.0454990403557961,0.159683288580225,13.1914893617021,80.6116943367031,"Cheetah Mobile Inc.","2022-01-24 15:59:45",170376480,0.094,12.872341,0.045359123,140807008,"USD","2021-09-30",1580482000,340585000,2721696000,2423452000,145641000,NA,11546000,150783000,17929000,5453118000,65589000,279998000,42224000,1374733000,1654731000,235000,882879000,138132000,2734917000,138132000,3756163000,3744617000,528617000,130351000,NA,NA,272012000,NA,NA,-49453000,0,NA,NA,NA,NA,NA,NA,NA,NA,NA,NA,NA,NA,NA,NA,NA,NA,NA,NA,196107000,74389000,121718000,55402000,134299000,-4781000,259309000,-63202000,19053000,-63202000,-44149000,5215000,-49364000,-49453000,NA,NA,"CMCM"
"41","CNF",3.5,57.1489395207503,22.9679712811779,24.5839239064384,1.14311310530183,0.0549441526764301,0.136712120538803,6.03448275862069,39.5999504847895,"CNFinance Holdings Limited","2022-01-24 16:00:02",215348112,0.58,5.4137936,0.054885514,68582200,"USD","2021-09-30",1964143000,10460045000,12581831000,1451164000,19828000,NA,4163000,873214000,6417000,14930200000,188111000,2129215000,NA,511791000,11006637000,917000,2928984000,-20075000,1013737000,-20075000,3923563000,3919400000,157643000,NA,NA,NA,NA,NA,8348794000,19029000,0,NA,NA,NA,NA,NA,NA,NA,NA,NA,NA,NA,NA,NA,NA,NA,NA,NA,NA,204360000,101521000,102839000,NA,51465000,21082000,178760000,25600000,0,0,25600000,6571000,19029000,19029000,NA,NA,"CNF"
"42","CO",4.03,37.4817813099028,25.0397693149378,10.2161766378089,1.84430853510295,0.107252103843152,0.160544606090993,6.15267175572519,38.2286554426531,"Global Cord Blood Corporation","2022-01-24 16:00:02",488635008,0.655,6.137405,0.10526867,121551000,"USD","2021-09-30",6390632000,144667000,6648463000,298103000,488403000,NA,85892000,737397000,59230000,8258258000,481789000,2954026000,11564000,650778000,3604854000,83000,2648344000,-108169000,2101582000,-105354000,4641840000,4555948000,NA,13442000,NA,NA,NA,33821000,NA,125736000,0,NA,NA,NA,NA,NA,NA,NA,NA,NA,NA,NA,NA,NA,NA,NA,NA,NA,NA,313670000,46209000,267461000,5573000,101436000,NA,153218000,160452000,-4059000,160452000,156393000,28251000,128142000,125736000,NA,NA,"CO"
"43","DRD",8.81,56.3655840040041,13.3911969632119,5.02859830667921,1.74960722702278,0.151770186103446,0.638823788315431,8.05301645338208,12.2405822332833,"DRDGOLD Limited","2022-01-24 16:00:01",731517120,1.094,7.6508226,0.14849377,85511400,"USD","2021-06-30",2180000000,135300000,2672700000,167100000,2809700000,NA,NA,698500000,5800000,6348000000,4800000,958200000,NA,531500000,1527600000,6208400000,-1337500000,-51000000,NA,NA,4819900000,4819900000,NA,352900000,NA,NA,NA,340000000,NA,245250000,38900000,-73550000,-1300000,295550000,-15100000,-111950000,-3200000,NA,-174100000,5300000,NA,NA,84800000,15750000,-170900000,-96800000,NA,-14300000,-4200000,1145800000,843250000,302550000,NA,22100000,22450000,887800000,258000000,59400000,258000000,317400000,72150000,245250000,245250000,-1150000,NA,"DRD"
"44","FBRT",17,18.1546890428974,21.2681962349322,1.47893257891789,1.36537900028495,0.759583358816128,0.64838595286312,7.1760236386661,8.97771052550959,"Franklin BSP Realty Trust, Inc.","2022-01-24 16:00:01",606089792,2.369,5.8210216,0.7186409,43951400,"USD","2021-09-30",91374000,3388089000,3493116000,2547000,NA,NA,49192000,90623000,NA,3635478000,20447000,NA,5764000,2361917000,2558349000,443000,-59844000,NA,906517000,NA,847116000,797924000,13653000,9318000,NA,475156000,NA,NA,196432000,38495000,1560000,61177000,3713000,108829000,-852000,-246051000,178948000,-117000,160527000,23305000,NA,-2204000,NA,NA,-16100000,NA,38161000,NA,NA,37977000,690000,37287000,NA,13733000,-7925000,6498000,31479000,8164000,0,39643000,1148000,38495000,29490000,NA,NA,"FBRT"
"45","FENG",0.7877,19.9219139817374,15.0484480831124,2.22607598586199,2.14288695332813,0.0367020162385889,0.0485880275775436,1.28081300813008,24.4690212733535,"Phoenix New Media Limited","2022-01-24 16:00:02",53222548,0.615,1.1869919,0.036142193,72790496,"USD","2021-09-30",85063000,437335000,2053820000,146063000,72400000,NA,20078000,92175000,90103000,2384536000,481895000,29494000,-44104000,922619000,958436000,39552000,-166447000,-30837000,1627936000,-30837000,1470204000,1450126000,63161000,200965000,NA,NA,1468261000,NA,NA,-133998000,0,NA,NA,NA,NA,NA,NA,NA,NA,NA,NA,NA,NA,NA,NA,NA,NA,NA,NA,244609000,154719000,89890000,39111000,257101000,NA,450931000,-206322000,17761000,-206322000,-188561000,12022000,-200583000,-133998000,NA,NA,"FENG"
"46","FINV",4.21,34.6804563548077,29.775425582971,15.5712211292588,2.35396443790594,0.119952285443998,0.139712528655817,3.35993615323224,23.7633085259146,"FinVolution Group","2022-01-24 16:00:02",1178844160,1.253,3.3200316,0.11882319,283376000,"USD","2021-09-30",3349759000,3129244000,14669445000,972277000,148109000,50411000,98947000,329147000,329147000,16268336000,103532000,5269746000,59565000,942087000,6231804000,103000,4645500000,-345515000,5676879000,-2754000,9976967000,9827609000,4893434000,NA,NA,NA,1738575000,NA,NA,636340000,0,-499503000,NA,136837000,63027000,63027000,NA,328444000,328444000,532469000,NA,NA,NA,NA,NA,NA,NA,NA,4161000,2525112000,602095000,1923017000,104505000,510687000,NA,1250165000,1274947000,-530318000,1274947000,744629000,112181000,632448000,636340000,NA,NA,"FINV"
"47","GPMT",11.89,17.3288281170117,15.4987683469822,6.74950483969241,1.28108002950819,0.667673536034949,0.746510928171905,8.16060398078243,10.6374525373934,"Granite Point Mortgage Trust In","2022-01-24 16:00:02",622344512,1.457,7.940974,0.66766685,53789500,"USD","2021-09-30",154916000,3624109000,3799627000,NA,NA,NA,NA,99563000,NA,3899190000,13713000,25140000,125000,562949000,2965956000,538000,-105824000,NA,1037395000,NA,932109000,932109000,20602000,NA,NA,549236000,NA,NA,2377867000,18630000,0,-7386000,-1248000,14303000,-66944000,-97402000,54562000,-7478000,19587000,-63512000,NA,-13534000,NA,NA,-13963000,NA,NA,NA,NA,27862000,1323000,26539000,NA,5634000,2276000,9233000,18629000,0,0,18629000,-1000,18630000,18605000,NA,NA,"GPMT"
"48","HKIB",3.75,39.939412034482,30.5396078377265,13.2124503197498,11.1457283634691,0.195900327498246,0.256196606689133,6.41025641025641,52.2044578422675,"AMTD International Inc.","2022-01-24 16:00:24",2013105280,0.585,7.350428,0.10262285,257294000,"USD","2021-06-30",404935439,7027039254,8632137283,1523757664,87872,NA,15171170,910069320,NA,11081223309,175376044,NA,15401635,653333566,774479424,192702,3904137836,6387011712,NA,6387011712,10291342250,10276171080,30837964,245487022,NA,NA,181427425,NA,121145858,314910651,0,NA,NA,NA,NA,NA,NA,NA,NA,NA,NA,NA,NA,NA,NA,NA,NA,NA,NA,358473789,0,358473789,NA,21566993,20884126,42451119,316022670,35379149,0,351401819,36558229,314843591,283524776,NA,NA,"HKIB"
"49","HUYA",6.8,45.3609964100922,40.1085525761381,4.70533597229698,4.37048068523946,0.151231247334105,0.17103584215346,9.05459387483356,53.4068609535793,"HUYA Inc.","2022-01-24 16:00:02",1628097536,0.751,9.134488,0.14996831,237332000,"USD","2021-09-30",3103779000,285993000,12343282000,582213000,487367000,NA,90717000,176993000,26451000,13680572000,808032000,149771000,NA,2623252000,2824239000,156000,-865046000,32526000,11688697000,32526000,10856333000,10765616000,937692000,18918000,NA,NA,8015818000,NA,NA,524379000,0,NA,NA,NA,NA,NA,NA,NA,NA,NA,NA,NA,NA,NA,NA,NA,NA,NA,NA,2975546000,2471536000,504010000,206203000,309477000,-94804000,2892412000,83134000,481822000,83134000,564956000,40577000,524379000,524379000,NA,NA,"HUYA"
"50","IBA",41.88,894.32866,410.71154,3.4784219775536,2.31625699972983,0.0465656548231385,0.101397198822317,7.96197718631179,78.0820418250951,"Industrias Bachoco, S.A.B. de C","2022-01-24 15:52:17",2082249984,5.26,7.9173,0.044145256,50000000,"USD","2021-09-30",20088049000,4970802000,36137072000,NA,21459344000,1697403000,730568000,3237913000,117850000,63262300000,1361863000,4884037000,516401000,10388927000,15601495000,1174151000,44345577000,1211383000,413293000,1211383000,47144404000,44716433000,5138642000,6498589000,NA,NA,NA,5939579000,NA,843757000,-89553000,109392000,-127251000,-162365000,183240000,-746352000,-51200000,-67904000,-514161000,-1372901000,30743000,NA,446835000,-168562000,-425800000,-944902000,NA,-1176986000,49977000,20228985000,17619008000,2609977000,NA,1790894000,80687000,19490589000,738396000,459606000,738396000,1198002000,380649000,817353000,843757000,-67904000,NA,"IBA"
"51","LFT",3.26,4.48148369201416,6.66737496943631,132.460064914941,1.18883552889242,0.709586408960849,0.476949314296896,10.976430976431,22.449073971166,"Lument Finance Trust, Inc.","2022-01-24 16:00:02",79334320,0.297,10.707071,0.70966303,24947900,"USD","2021-09-30",44080327,855046942,1047193509,NA,NA,NA,619012,2205526,NA,1050018047,3246601,NA,99500,7905730,880856505,249434,-122295719,NA,233849892,NA,111803607,111803607,148066240,2381544,NA,NA,NA,NA,872950775,2374468,-17231,315543,1774532,4863911,30567676,-160948581,7500000,-942377,3393564,-152691106,NA,NA,NA,NA,-3164059,NA,NA,NA,NA,4839371,0,4839371,NA,2305892,151154,2457046,2382325,0,0,2382325,7857,2374468,1176301,NA,NA,"LFT"
"52","LND",5.75,23.4285955434427,7.02162144200801,2.72282220554086,1.55984136081172,0.216232995270505,0.721490816783634,6.90276110444178,8.42931745739257,"Brasilagro Brazilian Agric Real","2022-01-24 15:59:58",502509696,0.833,5.882353,0.2090533,99191904,"USD","2021-09-30",1192776000,270813000,1940569000,5699000,180117000,NA,1016000,1441623000,45739000,3569024000,230477000,75215000,NA,712705000,1244081000,1587985000,708682000,28276000,NA,68361000,2324943000,2323927000,39315000,121592000,NA,325725000,NA,437665000,300689000,125401000,44109000,-156335000,1068000,209995000,9225000,-23175000,-49306000,-6130000,-55436000,133669000,NA,NA,47433000,-22583000,NA,-5732000,NA,162038000,2285000,378086000,226724000,151362000,NA,18088000,434000,245246000,132840000,21435000,132840000,154275000,28874000,125401000,125401000,-15690000,NA,"LND"
"53","LU",4.58,33.0231515941285,29.1534617222647,24.4015017315545,1.29800938284592,0.1405074801474,0.159157765249984,4.34947768281102,27.6860985016759,"Lufax Holding Ltd","2022-01-24 16:00:02",11425071104,1.053,4.406458,0.11890119,2462299904,"USD","2021-09-30",30548242000,229462809000,312664787000,5801468000,1159005000,8920623000,1585395000,4075545000,2925604000,334206823000,6009447000,188375263000,1507681000,12813342000,240880221000,75000,54825890000,3709790000,33283166000,7457138000,91818921000,81312903000,19198869000,6803895000,NA,NA,NA,NA,38911136000,4129300000,0,-2416116000,NA,1713184000,2563026000,2563026000,NA,-3102542000,-3102542000,1191085000,NA,NA,NA,NA,NA,NA,NA,NA,17417000,15924380000,1660244000,14264136000,NA,6070204000,NA,9394406000,6529974000,-541516000,6529974000,5988458000,1873012000,4115446000,4129300000,-168090000,NA,"LU"
"54","MNSO",10.5,21.1041345727042,14.9835798584819,2.42745268701955,2.113782535723,0.486160665299751,0.684749585969828,37.9061371841155,54.0923460595016,"MINISO Group Holding Limited","2022-01-24 16:00:02",3143581952,0.277,37.03971,0.45852703,306392000,"USD","2021-09-30",5930870000,1015150000,8712703000,344170000,968340000,19640000,56495000,558514000,168030000,10659862000,319017000,75352000,-4265000,3589237000,4121854000,92000,-2406252000,965977000,7982456000,965977000,6542273000,6466138000,2290000,3003397000,NA,4817000,205290000,1559103000,6865000,152039000,0,NA,NA,NA,NA,NA,NA,NA,NA,NA,NA,NA,NA,NA,NA,NA,NA,NA,NA,2654115000,1925672000,728443000,NA,552084000,-49703000,2440600000,213515000,-3643000,213515000,209872000,55343000,154529000,152039000,-8809000,NA,"MNSO"
"55","NREF",19.38,17.1410735683483,26.8735783937374,34.9707209808728,1.0480170801927,1.12303349658839,0.716316952759332,6.3147605083089,8.75646086469123,"NexPoint Real Estate Finance, I","2022-01-24 16:00:02",268281472,3.069,6.2724013,0.73828334,13936700,"USD","2021-09-30",22219000,8149862000,8174441000,49321000,NA,NA,NA,72645000,NA,8296407000,NA,NA,266156000,233751000,7799912000,92000,20636000,-4195000,222357000,NA,238890000,238890000,2360000,3984000,NA,NA,NA,NA,7566161000,14107000,962000,-312000,346000,14385000,NA,151473000,25049000,-267850000,-171957000,-6099000,76070000,NA,NA,NA,-5226000,NA,NA,NA,NA,28545000,1327000,27218000,NA,2027000,NA,3354000,25191000,0,0,25191000,0,25191000,13233000,NA,NA,"NREF"
"56","OPFI",4.47,-1.72163838241301,6.68008466708753,8.01997914153085,1.29759033354178,-2.59055571373107,0.667656230543449,1.9875500222321,2.97024662831815,"OppFi Inc.","2022-01-24 16:00:02",60051672,2.249,1.9831035,-2.5900116,13464500,"USD","2021-09-30",27627000,335383000,392185000,NA,13827000,NA,NA,34642000,23858000,440654000,NA,47372000,161594000,48901000,302241000,11000,-82182000,NA,58990000,NA,-23181000,-23181000,29175000,3617000,1650000,19791000,NA,NA,205968000,14125000,1707000,63742000,-5400000,35253000,NA,-62101000,1358000,-22474000,-37129000,-63977000,NA,NA,-3876000,NA,-16213000,-3982000,NA,NA,NA,66480000,0,66480000,NA,52256000,NA,54968000,11512000,19583000,0,31095000,703000,30392000,14125000,NA,NA,"OPFI"
"57","PKX",56.74,148799.198106402,30018.1388905851,2.3547355123971,1.24800926312355,0.000389533043417799,0.00193090600012828,3.54503139545781,1875.48898132424,"POSCO","2022-01-24 16:00:01",17533683712,16.0055,3.5481553,0.00034937126,302502016,"USD","2021-09-30",5480044599760,12310723793000,45694290971860,4485816195260,29414127944410,906889000000,3252544400000,6381388600590,1410322253000,90135057112120,4739531229720,2248774076500,4349822864860,19405275340390,36613743440890,482403125000,50348460665000,-3013905607310,1354532623680,-505611805530,49171490806370,45012057406370,795950784480,5216238295670,145564000000,2774742000000,13087367598000,13809620196620,14338622024000,2429720198710,681006000000,833323640070,-192614416000,1593015425530,280436940,-1839889403770,1925437175020,18509164600,1639160020410,1457907335380,NA,NA,889118001250,-830428000000,-304786319210,-773069680860,-864088803950,-2217110000000,65621293210,20636882442640,16863097293040,3773785149600,23362000000,545787147630,15638000000,17523160531670,3113721910970,245691202040,3113721910970,3359413113010,731794274850,2627618838160,2428038993710,-88547000000,NA,"PKX"
"58","QD",0.94,49.6631329814136,40.5554115564547,24.4935296877908,6.56075906094191,0.0181220947203799,0.0221918596177274,1.20051085568327,51.7949062023687,"Qudian Inc.","2022-01-24 16:00:02",227779200,0.783,1.1494253,0.018148819,253088000,"USD","2021-09-30",1693311000,2816705000,12109895000,474252000,1210544000,NA,9375000,628038000,56315000,14432104000,53823000,30915000,7779000,494412000,1845807000,176000,8969516000,-405014000,4013840000,-56480000,12578518000,12569143000,1509747000,NA,NA,NA,6090132000,NA,832420000,-94170000,0,NA,NA,NA,NA,NA,NA,NA,NA,NA,NA,NA,NA,NA,NA,NA,NA,NA,NA,330619000,85384000,245235000,40071000,190556000,-25439000,290572000,40047000,-85118000,40047000,-45071000,50347000,-95418000,-94170000,NA,NA,"QD"
"59","RDY",68.35,884.4802548503,414.142347488554,1.90067751623944,1.72643065600812,0.0674888039148867,0.144135258922853,43.5073201782304,263.617025772472,"Dr. Reddy's Laboratories Ltd","2022-01-24 16:00:02",9902092288,1.571,37.542965,0.053203147,165884992,"USD","2021-09-30",9980000000,71785000000,163272000000,7489000000,60229000000,4576000000,32630000000,10304000000,9422000000,278500000000,36054000000,2693000000,NA,85902000000,94572000000,832000000,168831000000,5060000000,9205000000,6720000000,183928000000,146722000000,17206000000,25552000000,NA,NA,14601000000,49700000000,3800000000,9920000000,147000000,-853000000,-612000000,5106000000,161000000,3969000000,-2926000000,-274000000,-7212000000,1812000000,134000000,NA,2985000000,-7552000000,-4146000000,-3581000000,7966000000,1071000000,-51000000,57632000000,26846000000,30786000000,4463000000,15951000000,-612000000,46648000000,10984000000,1697000000,10984000000,12681000000,2761000000,9920000000,9920000000,-234000000,NA,"RDY"
"60","RLX",3.53,9.86747569036639,7.56578453843486,4.78103917367266,4.56905895895082,0.412801099265354,0.538384987209807,24.6853146853147,52.9075841848591,"RLX Technology Inc.","2022-01-24 16:00:02",5482057216,0.143,24.405594,0.35345352,1345849984,"USD","2021-09-30",6368034000,8907000,13035379000,2722378000,339372000,NA,8533000,38889000,815000,16144551000,596604000,5210000,2908000,2726474000,2852968000,103000,1450183000,31984000,11806405000,31984000,13288675000,13280142000,394080000,1449385000,NA,NA,5641368000,622990000,NA,973915000,0,-1116767000,NA,-142852000,-38534000,-38534000,NA,389000,389000,-157625000,NA,NA,NA,NA,NA,NA,NA,NA,23372000,1676723000,1020753000,655970000,-44607000,-196706000,NA,779440000,897283000,200594000,897283000,1097877000,121442000,976435000,973915000,NA,NA,"RLX"
"61","TRTX",12.75,18.7604999480843,17.4501868964801,128.314295778192,1.35801088436678,0.658298054804737,0.707728845327117,28.5234899328859,39.0384494328414,"TPG RE Finance Trust, Inc.","2022-01-24 16:00:02",951542848,0.447,27.628637,0.6582805,77048000,"USD","2021-09-30",269263000,4736544000,5099980000,NA,99200000,NA,NA,1765000,NA,5200945000,23493000,934000,NA,39746000,3755478000,77000,-264840000,NA,1710222000,NA,1445459000,1445459000,94173000,NA,NA,NA,NA,NA,3714798000,29325000,-500000,376000,2118000,35963000,NA,31037000,-16673000,-1762000,-37641000,29359000,NA,NA,NA,NA,-19206000,NA,NA,NA,NA,38963000,0,38963000,NA,8152000,NA,9402000,29561000,0,0,29561000,236000,29325000,26046000,NA,NA,"TRTX"
"62","UMC",11.08,102.29922327051,16.3248109451696,2.50283899077561,1.23608141268172,0.111333600648009,0.69767061367228,16.7878787878788,24.7345620381357,"United Microelectronics Corpora","2022-01-24 16:00:01",28196022272,0.66,16.530302,0.10515662,2475650048,"USD","2021-09-30",113104860000,34377434000,211603426000,62817360000,132940434000,7614000,4184111000,17239686000,5660239000,428792631000,50897632000,30932603000,154922000,84545361000,171188907000,124232695000,100250474000,-9768686000,42734319000,-9648885000,257448802000,253257077000,848953000,8263439000,NA,22128096000,37013199000,23149692000,51088952000,17460235000,307353000,-2768051000,-1011426000,22125506000,-202324000,-23222449000,6475969000,3700186000,-9694304000,-10895622000,NA,NA,11350598000,-2922608000,-19870459000,-17456552000,-6018215000,-739406000,-104375000,55906677000,35362666000,20544011000,3303295000,3330453000,-1180086000,40818397000,15088280000,4363580000,15088280000,19451860000,2099917000,17351943000,17460235000,-519496000,NA,"UMC"
"63","WIT",7.62,64.0742964950342,35.2699359243345,2.30077226421295,1.56782120600498,0.122989380947348,0.223432729718229,25.6565656565657,118.753993011227,"Wipro Limited","2022-01-24 16:00:01",43057721344,0.297,25.656567,0.06368841,5463860224,"USD","2021-09-30",142026000000,178937000000,532095000000,13906000000,107118000000,228763000000,42808000000,37447000000,2576000000,962137000000,47070000000,37515000000,1088000000,231268000000,339385000000,10962000000,569891000000,39647000000,1164000000,39647000000,621664000000,350093000000,19204000000,90782000000,3670000000,58901000000,157906000000,778000000,55319000000,29307000000,368000000,-1721000000,-2953000000,23886000000,3216000000,-16837000000,-3378000000,-1190000000,-4564000000,1444000000,4000000,NA,7717000000,-8998000000,NA,-5709000000,-6814000000,166000000,-1041000000,196674000000,137562000000,59112000000,NA,25140000000,-15000000,162687000000,33987000000,3578000000,33987000000,37565000000,8259000000,29306000000,29307000000,-1459000000,NA,"WIT"
"64","XYF",2.99,70.2515737284831,55.3180695597274,4.65460066533249,1.8784050593497,0.0402837934922757,0.0511586884920129,26.9369369369369,498.360987024571,"X Financial","2022-01-24 15:59:54",152403984,0.111,25.495495,0.04105376,53853000,"USD","2021-09-30",971761000,3101888000,6370468000,386300000,6135000,NA,36879000,411779000,376003000,7211561000,801515000,2009026000,NA,1368639000,3391424000,207000,681389000,16544000,3121997000,16544000,3820137000,3783258000,1819187000,NA,NA,NA,NA,NA,NA,279880000,0,NA,NA,NA,NA,NA,NA,NA,NA,NA,NA,NA,NA,NA,NA,NA,NA,NA,NA,964351000,494424000,469927000,NA,44521000,NA,554182000,410169000,-10831000,410169000,399338000,119458000,279880000,279880000,NA,NA,"XYF"
"65","YRD",2.72,53.4798771194513,47.4388574014098,4.01201830178595,2.29988851400622,0.0493643653035298,0.055650585514187,10.2641509433962,179.014556231735,"Yiren Digital Ltd.","2022-01-24 15:59:58",221717776,0.265,9.962265,0.050018,83984000,"USD","2021-09-30",2328380000,4270802000,7049064000,280134000,186223000,NA,NA,40992000,6285000,7556413000,474925000,216178000,NA,1756987000,3064959000,123000,-577603000,-28060000,5096994000,14442000,4491454000,4491454000,91830000,36799000,34707000,NA,NA,NA,1038600000,320925000,0,-5555000,NA,323819000,-233782000,-233782000,NA,49770000,49770000,139550000,NA,NA,8449000,NA,NA,NA,NA,NA,-257000,1231991000,186915000,1045076000,NA,546493000,NA,816986000,415005000,-18157000,415005000,396848000,75923000,320925000,320925000,-21565000,NA,"YRD"
"66","ZEPP",5.23,42.9224539978651,11.3920887764957,1.83851254633764,1.22482165942939,0.119750841838066,0.451190304152555,10.1750972762646,22.1635968414313,"Zepp Health Corporation","2022-01-24 16:00:02",323581504,0.514,10,0.11178773,62953600,"USD","2021-09-30",1229273000,1177351000,3907137000,1536659000,261289000,61733000,138570000,190751000,170650000,6096139000,146223000,255238000,3749000,2125162000,3189964000,159000,1234855000,37768000,1629644000,37768000,2902426000,2702123000,298000,1330946000,NA,NA,24358000,1271432000,726865000,49345000,0,NA,NA,NA,NA,NA,NA,NA,NA,NA,NA,NA,NA,NA,NA,NA,NA,NA,NA,1606057000,1282308000,323749000,108663000,152611000,NA,1543582000,62475000,-7179000,62475000,55296000,6229000,49067000,49345000,-13490000,NA,"ZEPP"
"67","DXF",0.895,19.8092838806085,22.6704088279244,2.78984942788647,2.78984942788647,0.0412786253451386,0.0360690455064013,1.70801526717557,43.2641389845886,"Dunxin Financial Holdings Limit","2022-01-24 15:59:47",17072922,0.524,1.5604962,0.041277137,20879200,"USD","2021-06-30",96000,736861000,737798000,NA,43665000,NA,6000,NA,NA,781469000,48788000,NA,103403000,264458000,264458000,326000,30128000,-20000,383174000,-20000,413608000,413602000,841000,NA,NA,NA,NA,NA,NA,28279000,4736000,6862500,-40622500,-500,NA,NA,NA,NA,NA,-500,NA,NA,744500,NA,NA,NA,NA,NA,NA,36752500,0,36752500,NA,1251000,152000,1403000,35349500,0,0,35349500,0,35349500,28279000,NA,NA,"DXF"
"68","IOR",11.82,25.7505859548365,22.989341259617,8712.72727272727,8712.72727272727,0.444650052636973,0.498056872136827,11.7029702970297,22.7617240194228,"Income Opportunity Realty Inves","2022-01-24 09:30:00",47728292,1.01,11.336634,0.44464293,4168410,"USD","2021-09-30",13000,95827000,95840000,NA,NA,NA,NA,11510000,NA,107350000,NA,NA,NA,11000,11000,42000,45381000,-39000,61955000,NA,107339000,107339000,NA,11000,NA,NA,NA,NA,NA,712000,0,NA,2000,1041000,-1030000,-1030000,NA,NA,NA,11000,NA,NA,NA,327000,NA,NA,NA,NA,NA,0,0,0,NA,345000,NA,345000,-345000,1248000,-345000,903000,191000,712000,712000,NA,NA,"IOR"
"69","SIM",26.1,252.162089977959,140.415039543628,3.44422005782652,2.49439474954752,0.104057280528176,0.186869593319134,10.5968331303289,57.0097602694388,"Grupo Simec, S.A.B. de C.V.","2022-01-24 15:59:35",4047674624,2.463,10.576532,0.097481206,154260000,"USD","2021-09-30",12598074000,10030655000,36154870000,NA,15993673000,1814160000,504078000,1282165000,NA,55748946000,1226283000,3997187000,37738000,10497259000,14494446000,2420230000,34244490000,-23191000,4575233000,2131894000,41216762000,38898524000,1464237000,8017813000,NA,6190000,NA,12061904000,NA,3312726000,689119000,688307000,-991376000,2589263000,20948000,-323328000,NA,-24240000,-35756000,2430123000,NA,-11516000,292618000,448412000,NA,-344276000,NA,-1850543000,199944000,14122354000,9912984000,4209370000,NA,507581000,20316000,10440881000,3681473000,305814000,3681473000,3987287000,674158000,3313129000,3312726000,-24240000,NA,"SIM"
"70","SSY",1.42,3.09584924110064,1.83990854381916,2.83817097415507,2.48451096414897,0.4263773514794,0.717426963657679,1.0965250965251,1.42077879831595,"SunLink Health Systems, Inc.","2022-01-24 15:54:04",9179478,1.295,1.0193051,0.40170422,6954150,"USD","2021-09-30",8933000,8273000,21414000,NA,8085000,NA,1220000,649000,NA,31368000,514000,200000,NA,7545000,8619000,3463000,8748000,-162000,10700000,-162000,22749000,21529000,NA,1698000,NA,NA,NA,1917000,NA,NA,NA,NA,NA,NA,NA,NA,NA,NA,NA,NA,NA,NA,NA,NA,NA,NA,NA,NA,NA,NA,NA,NA,NA,NA,NA,NA,NA,NA,NA,NA,NA,NA,NA,NA,NA,"SSY"
