"","Symbol","Price/Book Ratio","CurrentRatio","NetCurrentRatio","P.E.Ratio","Ask","BookPrice","Name","Trade.Time","Market.Capitalization","Earnings.Share","Price.Book","Shares.Outstanding","Currency","date","cash","netReceivables","totalCurrentAssets","longTermInvestments","propertyPlantEquipment","goodWill","intangibleAssets","otherAssets","deferredLongTermAssetCharges","totalAssets","otherCurrentLiab","otherLiab","minorityInterest","totalCurrentLiabilities","totalLiab","commonStock","retainedEarnings","treasuryStock","capitalSurplus","otherStockholderEquity","totalStockholderEquity","netTangibleAssets","otherCurrentAssets","accountsPayable","shortLongTermDebt","deferredLongTermLiab","shortTermInvestments","inventory","longTermDebt","X.ticker."
"1","AAOI",0.452990212386109,2.14892591203729,1.01014323415057,NA,0,9.31587392298224,"Applied Optoelectronics, Inc.","2022-02-17 16:00:02",115195864,-2.041,0.43442452,27297600,"USD","2021-09-30",43534000,52447000,200570000,NA,249794000,NA,9667000,2493000,NA,462524000,2142000,NA,NA,93335000,198556000,27000,-128131000,13865000,378207000,13865000,263968000,254301000,5365000,28333000,41254000,NA,NA,94507000,97743000,"AAOI"
"2","ABIO",0.463363639575972,18.7510999371464,16.6108017817372,NA,0,3.92780063982901,"ARCA biopharma, Inc.","2022-02-17 16:00:03",26226382,-1.485,0.46334013,14410100,"USD","2021-09-30",58313000,NA,59666000,NA,508000,NA,NA,18000,NA,60192000,NA,NA,NA,3182000,3592000,14000,-167800000,NA,224386000,NA,56600000,56600000,1353000,1131000,NA,NA,NA,NA,NA,"ABIO"
"3","ADVM",0.388636901734104,13.7339887862276,2.40575870965065,NA,0,3.52514122571565,"Adverum Biotechnologies, Inc.","2022-02-17 16:00:02",134468368,-1.52,0.38865247,98152096,"USD","2021-09-30",32971000,7358000,347827000,NA,137332000,NA,NA,5422000,NA,490581000,3575000,1114000,NA,25326000,144581000,10000,-613667000,-523000,960180000,-523000,3.46e+08,3.46e+08,NA,2517000,NA,NA,299734000,NA,NA,"ADVM"
"4","AEI",0.238213248505643,16.5222698505558,15.9896661842702,NA,0,1.3853134607436,"Alset EHome International Inc.","2022-02-17 16:00:02",33532622,-4.403,0.10717766,101614000,"USD","2021-09-30",67944590,2019910,147567414,NA,872944,NA,NA,26695783,NA,175136141,1881411,1,25139975,8931425,9228924,45722,-124909747,-1002213,266633480,-1002213,140767242,140767242,4996543,1137997,5508665,NA,70827974,45250,NA,"AEI"
"5","AFIB",0.455931151706614,8.56944062482812,2.44443572807004,NA,0,4.16729570098272,"Acutus Medical, Inc.","2022-02-17 16:00:04",53110508,-4.039,0.39724022,27952900,"USD","2021-09-30",58492000,4890000,155801000,4061000,19277000,12026000,5173000,1086000,NA,197424000,2279000,818000,NA,18181000,63737000,28000,-447434000,-40000,581133000,-40000,133687000,116488000,150000,6417000,NA,NA,71962000,14962000,40043000,"AFIB"
"6","AIKI",0.378107874969712,54.069098949696,54.069098949696,NA,0,1.15046531987385,"AIkido Pharma Inc.","2022-02-17 16:00:02",39011280,-0.073,0.37826088,89681104,"USD","2021-09-30",5948000,NA,97811000,5066000,NA,NA,NA,2107000,NA,104984000,NA,NA,NA,1809000,1809000,9000,-161964000,-264000,265394000,NA,103175000,103175000,NA,1572000,NA,NA,91219000,NA,NA,"AIKI"
"7","ALGS",0.467379810240034,7.14979873490512,5.39917927785136,NA,0,5.49062719013053,"Aligos Therapeutics, Inc.","2022-02-17 16:00:03",101426560,-3.359,0.4673081,39523900,"USD","2021-09-30",239734000,NA,248670000,492000,13158000,NA,NA,748000,NA,263068000,6637000,1638000,NA,34780000,46057000,4000,-265358000,-250000,482615000,-250000,217011000,217011000,6485000,2601000,NA,NA,2451000,NA,NA,"ALGS"
"8","ALLK",0.619182702224561,13.0824902149029,5.50582750582751,NA,0,9.65789289567584,"Allakos Inc.","2022-02-17 16:00:03",324794144,-4.138,0.6189195,54313400,"USD","2021-09-30",274420000,NA,531450000,NA,77503000,NA,NA,12125000,NA,621078000,5135000,NA,NA,40623000,96525000,54000,-518460000,19000,1042940000,19000,524553000,524553000,NA,8808000,NA,NA,231187000,NA,NA,"ALLK"
"9","APLT",0.659159548332776,3.79155724151347,3.67214092821704,NA,0,3.30724189887662,"Applied Therapeutics, Inc.","2022-02-17 16:00:03",57149792,-4.135,0.65920776,26215500,"USD","2021-09-30",70207000,327000,116943000,NA,1404000,NA,NA,2e+05,NA,118547000,657000,NA,NA,30843000,31846000,3000,-239156000,-254000,326108000,-254000,86701000,86701000,3925000,9170000,NA,NA,38595000,NA,NA,"APLT"
"10","AQB",0.491706938808463,75.8930744331663,17.3239555967927,NA,0,3.09127216437274,"AquaBounty Technologies, Inc.","2022-02-17 16:00:02",107959056,-0.353,0.49111468,71025696,"USD","2021-09-30",118179653,NA,200231734,NA,30307903,NA,235268,578204,NA,231353109,121076,NA,NA,2638340,11558084,71026,-164796661,-242863,384763523,-242863,219795025,219559757,NA,860673,619552,NA,79632028,1222223,8678642,"AQB"
"11","ARTL",0.649817655351088,38.4749620637329,35.3133704735376,NA,0,0.620481785300584,"Artelo Biosciences, Inc.","2022-02-17 16:00:03",17055764,-0.36,0.6026906,42301000,"USD","2021-11-30",14047000,NA,25355000,1524000,83000,NA,2039000,3000,NA,29004000,NA,NA,NA,659000,718000,42000,-19451000,-23000,47718000,-23000,28286000,26247000,NA,590000,NA,NA,10794000,NA,NA,"ARTL"
"12","ASMB",0.423677520532002,12.6084539121115,7.73672311739559,NA,0,3.82366276166538,"Assembly Biosciences, Inc.","2022-02-17 16:00:04",77535952,-2.66,0.3394803,47861700,"USD","2021-09-30",70760000,769000,188219000,9180000,8014000,12638000,2.9e+07,1922000,NA,248973000,232000,5264000,NA,14928000,24328000,47000,-571171000,-288000,796057000,-288000,224645000,183007000,NA,2628000,NA,2e+05,110142000,NA,NA,"ASMB"
"13","ASTC",0.533362167795727,31.7631441957314,28.918009478673,NA,0,1.20012265705853,"Astrotech Corporation","2022-02-17 16:00:03",31729182,-0.203,0.55086064,49569100,"USD","2021-09-30",31650000,206000,61017000,NA,571000,NA,NA,11000,NA,61599000,2000,NA,NA,1921000,2110000,190641000,-209411000,-71000,78330000,-71000,59489000,59489000,NA,114000,NA,NA,27302000,1695000,NA,"ASTC"
"14","AVRO",0.356311971441708,9.28568921646047,9.24916972557245,NA,0,4.43431647671955,"AVROBIO, Inc.","2022-02-17 16:00:02",68970952,-2.862,0.35617676,43652500,"USD","2021-09-30",201369000,2662000,211658000,NA,4219000,NA,NA,576000,NA,216453000,1481000,90000,NA,22794000,22884000,4000,-355315000,NA,548880000,NA,193569000,193569000,5788000,2966000,NA,NA,NA,NA,NA,"AVRO"
"15","AYRO",0.608027258113494,14.1582081645686,12.2784884410187,NA,0,2.12161531993382,"AYRO, Inc.","2022-02-17 16:00:03",47558428,-0.928,0.59999996,36867000,"USD","2021-09-30",77099134,740224,82959865,NA,1972959,NA,109110,41289,NA,85083223,69903,NA,NA,5859489,6756521,3643,-50454474,NA,128777533,NA,78326702,78217592,NA,1187625,NA,NA,NA,4519653,NA,"AYRO"
"16","BCEL",0.347302806263503,10.0319405756732,3.6149625267666,NA,0,5.76401666491431,"Atreca, Inc.","2022-02-17 16:00:03",60926984,-2.79,0.34555417,30435200,"USD","2021-09-30",113189000,2974000,162066000,10824000,44291000,NA,NA,3080000,NA,220261000,2910000,28677000,NA,16155000,44832000,4000,-330249000,-6000,505680000,-6000,175429000,175429000,3092000,5238000,NA,NA,39697000,NA,NA,"BCEL"
"17","BDTX",0.610577123335221,9.16300595576799,4.37757802022545,NA,0,6.04346253957476,"Black Diamond Therapeutics, Inc","2022-02-17 16:00:03",133684640,-3.385,0.61062384,36228900,"USD","2021-09-30",46603000,NA,241546000,NA,31258000,NA,NA,1322000,NA,274126000,NA,NA,NA,26361000,55178000,5000,-217953000,143000,436753000,143000,218948000,218948000,NA,4859000,NA,NA,188405000,NA,NA,"BDTX"
"18","BKEP",0.390271330736283,0.46077791718946,0.0695056400938754,3.1720428,0,9.07061271876792,"Blueknight Energy Partners L.P.","2022-02-17 16:00:03",146968768,1.116,0.375,41516600,"USD","2021-09-30",555000,5451000,9181000,NA,113259000,6728000,5744000,3457000,NA,138369000,9717000,4955000,-631502000,19925000,132090000,389053000,NA,NA,NA,NA,389053000,376581000,3175000,2629000,NA,2852000,NA,NA,1.01e+08,"BKEP"
"19","BLUE",0.50959326553875,3.12247945107837,1.77423755694208,NA,0,12.0880714041517,"bluebird bio, Inc.","2022-02-17 16:00:03",431860928,-12.825,0.49601418,70107296,"USD","2021-09-30",402461000,20716000,832325000,193129000,220180000,12056000,11009000,70945000,NA,1339644000,48072000,50432000,NA,266559000,469117000,701000,-3564873000,-5906000,4440605000,-5906000,870527000,847462000,2530000,21668000,NA,NA,375140000,766000,NA,"BLUE"
"20","BOLT",0.391952304911008,9.38966026587888,3.7943278134966,NA,0,7.37336594733482,"Bolt Biotherapeutics, Inc.","2022-02-17 16:00:03",107752784,-4.199,0.39154586,37284600,"USD","2021-09-30",23649000,5300000,222488000,77639000,30868000,NA,NA,2555000,NA,333550000,5207000,12423000,NA,23695000,58637000,NA,-179833000,-38000,454784000,-38000,274913000,274913000,NA,5155000,NA,NA,189244000,NA,NA,"BOLT"
"21","CABA",0.614663156540754,20.0650838452598,20.0650838452598,NA,0,4.11607533637352,"Cabaletta Bio, Inc.","2022-02-17 16:00:04",71678944,-1.66,0.60166466,28331600,"USD","2021-09-30",118260000,NA,120852000,NA,1462000,NA,NA,324000,NA,122638000,52000,NA,NA,6023000,6023000,NA,-98699000,NA,215314000,NA,116615000,116615000,720000,1707000,NA,NA,1e+06,NA,NA,"CABA"
"22","CALA",0.508239777476182,6.38093126385809,5.55131172839506,NA,0,0.993232050953249,"Calithera Biosciences, Inc.","2022-02-17 16:00:03",37822696,-0.941,0.5027889,74926096,"USD","2021-09-30",84493000,12000,86334000,NA,3367000,NA,NA,270000,NA,89971000,862000,NA,NA,13530000,15552000,7000,-422116000,NA,496528000,NA,74419000,74419000,NA,2971000,NA,NA,NA,NA,NA,"CALA"
"23","CBIO",0.28448491833509,4.28751956408324,4.1550474692433,NA,0,1.93367017195325,"Catalyst Biosciences, Inc.","2022-02-17 16:00:03",17278476,-3.055,0.28428942,31409700,"USD","2021-09-30",59157000,1114000,73964000,NA,3704000,NA,NA,869000,NA,78537000,853000,NA,NA,17251000,17801000,31000,-382365000,1000,443069000,1000,60736000,60736000,NA,3862000,NA,NA,5371000,NA,NA,"CBIO"
"24","CLBS",0.46640282972017,25.0753929273084,24.7532121212121,NA,0,1.65050460104483,"Caladrius Biosciences, Inc.","2022-02-17 16:00:02",46018568,-0.577,0.46626288,59779900,"USD","2021-09-30",12772000,NA,102107000,NA,392000,NA,NA,39000,NA,102538000,NA,NA,-254000,4072000,4125000,60000,-446222000,-772000,545601000,-64000,98667000,98667000,NA,768000,NA,NA,87377000,NA,NA,"CLBS"
"25","CNFR",0.518704901681391,0.418329945253482,0.354728493521494,7.328665,0,4.33753407047102,"Conifer Holdings, Inc.","2022-02-17 16:00:00",21841626,0.307,0.5186492,9707820,"USD","2021-09-30",7507000,31192000,80462000,167597000,NA,NA,13611000,7265000,NA,268935000,65036000,NA,NA,192341000,226827000,92659000,-49278000,-1273000,NA,-1273000,42108000,42108000,27396000,127305000,NA,NA,10142000,NA,34486000,"CNFR"
"26","CPTAL",0.595884678342308,3.56247498599216,0.144247099241589,NA,0,13.7062845286604,"Capitala Finance Corp. - 6% Not","2022-02-17 14:00:01",130687640,-0.079,1.8254085,16001200,"USD","2018-06-30",40826000,3420000,44506000,483261000,NA,NA,NA,90000,6000,527857000,6815000,NA,NA,12493000,308540000,160000,-22193000,NA,241350000,NA,219317000,219317000,NA,7000,296047000,NA,NA,NA,296047000,"CPTAL"
"27","CRBP",0.571073931260499,6.51362044784432,2.66221646083926,NA,0,0.619884740998635,"Corbus Pharmaceuticals Holdings","2022-02-17 16:00:04",44331776,-0.387,0.57096773,125231000,"USD","2021-09-30",37118654,2500000,111667138,NA,7429399,NA,NA,477425,NA,119573962,126857,NA,NA,17143636,41945176,12523,-339473031,-8967,417098261,-8967,77628786,77628786,192475,2545919,NA,NA,69744151,NA,18550502,"CRBP"
"28","CYCCP",0.316268107533121,12.0788081314397,11.9325997248968,NA,0,3.30980844015555,"Cyclacel Pharmaceuticals, Inc. ","2022-02-14 09:30:01",13082114,-2.657,1.6295594,12497400,"USD","2021-09-30",40219000,2514000,43375000,NA,115000,NA,NA,1509000,NA,44999000,125000,NA,NA,3591000,3635000,10000,-379664000,-753000,421771000,-753000,41364000,41364000,112000,1515000,NA,NA,NA,NA,NA,"CYCCP"
"29","DBTX",0.591739794362817,9.08339899387842,4.8139213670821,NA,0,6.18515130359421,"Decibel Therapeutics, Inc.","2022-02-17 16:00:04",91219648,-2.467,0.59070367,24923400,"USD","2021-09-30",51413000,3142000,149867000,28494000,5798000,NA,NA,1128000,NA,185287000,7133000,14633000,NA,16499000,31132000,25000,-201609000,8000,355731000,8000,154155000,154155000,NA,1814000,NA,NA,92477000,NA,NA,"DBTX"
"30","EHTH",0.5333524061568,7.36613063394945,2.938563870572,NA,0,27.6365103967319,"eHealth, Inc.","2022-02-17 16:00:03",388960576,-0.891,0.49942398,26388100,"USD","2021-09-30",157530000,195502000,459897000,NA,52488000,40233000,8153000,598832000,NA,1159603000,15093000,56932000,NA,62434000,156504000,38000,232519000,-199680000,744784000,318000,777661000,729275000,403000,10084000,NA,5e+05,70212000,NA,NA,"EHTH"
"31","ELDN",0.653231067614865,23.6178942165101,14.8797882279664,NA,0,6.52142940218655,"Eledon Pharmaceuticals, Inc.","2022-02-17 16:00:03",58603972,-2.675,0.3569334,13756800,"USD","2021-09-30",94041000,NA,95558000,NA,222000,48648000,32386000,356000,NA,177170000,NA,2331000,NA,4046000,6422000,14000,-106093000,NA,276827000,NA,170748000,89714000,11000,1598000,NA,NA,NA,NA,NA,"ELDN"
"32","ELEV",0.600710241398669,17.8417792792793,17.8217097862767,NA,0,6.44237393221273,"Elevation Oncology, Inc.","2022-02-17 16:00:03",89883072,-4.816,0.6,23225600,"USD","2021-09-30",155198000,NA,158435000,NA,43000,NA,NA,40000,NA,158518000,NA,10000,NA,8880000,8890000,2000,-45564000,NA,195190000,NA,149628000,149628000,NA,5435000,NA,NA,NA,NA,NA,"ELEV"
"33","ETNB",0.61356522450092,8.41703199798438,7.84722352720098,NA,0,7.23639447397225,"89bio, Inc.","2022-02-17 16:00:04",90052968,-3.818,0.60821915,20282200,"USD","2021-09-30",39695000,NA,167036000,NA,146000,NA,NA,874000,NA,168056000,NA,NA,NA,19845000,21286000,20000,-186929000,6000,333673000,6000,146770000,146770000,25000,12526000,NA,7e+05,117638000,NA,1441000,"ETNB"
"34","FBRX",0.452947628865979,12.448128342246,12.448128342246,NA,0,2.95839941441991,"Forte Biosciences, Inc.","2022-02-17 16:00:02",19771164,-1.716,0.4530088,14754600,"USD","2021-09-30",45665000,NA,46556000,NA,NA,NA,NA,834000,NA,47390000,NA,NA,NA,3740000,3740000,15000,-69824000,NA,113459000,NA,43650000,43650000,144000,2330000,NA,NA,NA,NA,NA,"FBRX"
"35","FNHC",0.320899681282732,2.31174054372634,0.823309148349442,NA,0,4.08227249540033,"FedNat Holding Company","2022-02-17 16:00:03",22855438,-8.424,0.32092112,17446900,"USD","2021-09-30",166860000,79794000,1537571000,355264000,6413000,NA,18977000,20548000,NA,1938773000,358435000,1076775000,NA,665114000,1867550000,174000,-117192000,2442000,185799000,2442000,71223000,71223000,969988000,306679000,NA,NA,NA,NA,118776000,"FNHC"
"36","GBIO",0.6414773311068,27.8002205983731,7.09695017862485,NA,0,7.15535812812556,"Generation Bio Co.","2022-02-17 16:00:02",261215984,-2.098,0.6378544,56909800,"USD","2021-09-30",388347000,NA,403270000,NA,54214000,NA,NA,6549000,NA,464033000,740000,NA,NA,14506000,56823000,6000,-277183000,NA,684387000,NA,407210000,407210000,NA,520000,NA,472000,10016000,NA,NA,"GBIO"
"37","GEOS",0.498778191877665,3.94363421363816,2.79573397913562,NA,0,10.0244960213223,"Geospace Technologies Corporati","2022-02-17 16:00:04",64908500,-1.498,0.47943234,12981700,"USD","2021-09-30",14066000,18210000,60030000,NA,70079000,5072000,7250000,21498000,NA,163929000,8606000,5241000,NA,15222000,21472000,137000,72510000,-23125000,92935000,-16320000,142457000,130135000,NA,6391000,NA,457000,9496000,16196000,NA,"GEOS"
"38","GIFI",0.542862802958058,4.0511845063116,3.79063182590405,NA,0,7.14729389978073,"Gulf Island Fabrication, Inc.","2022-02-17 16:00:04",60341372,-2.05,0.5428852,15551900,"USD","2021-09-30",71667000,12675000,93712000,NA,28377000,NA,NA,13787000,NA,135876000,7364000,NA,NA,23132000,24722000,11331000,-5213000,NA,105036000,NA,111154000,111154000,3536000,7396000,NA,NA,NA,1673000,NA,"GIFI"
"39","GLYC",0.600084079501978,10.7794237968319,9.15126606501098,NA,0,1.86640512264466,"GlycoMimetics, Inc.","2022-02-17 16:00:01",57947568,-1.22,0.60021436,51738900,"USD","2021-09-30",101924284,1443,104133675,NA,2198301,NA,NA,1612927,NA,107944903,NA,538587,NA,9660412,11379155,51739,-355475194,NA,451989203,NA,96565748,96565748,NA,1390431,NA,NA,NA,NA,NA,"GLYC"
"40","GMTX",0.495826211655462,12.2265223915962,10.5492708191359,NA,0,3.26727391232746,"Gemini Therapeutics, Inc.","2022-02-17 16:00:03",69842576,-2.85,0.4958678,43112700,"USD","2021-09-30",150069000,NA,154800000,NA,180000,NA,NA,555000,NA,155535000,NA,366000,NA,12661000,14674000,4000,-166867000,NA,307724000,NA,140861000,140861000,NA,939000,5e+06,NA,NA,NA,1647000,"GMTX"
"41","GRAY",0.36056770544527,16.5915367483296,16.5473123056419,NA,0,3.38355316234826,"Graybug Vision, Inc.","2022-02-17 16:00:03",26009912,-1.721,0.3605201,21319600,"USD","2021-09-30",11452000,NA,74496000,NA,2113000,NA,NA,29000,NA,76638000,351000,12000,NA,4490000,4502000,2000,-160513000,6000,232641000,6000,72136000,72136000,NA,2066000,NA,NA,61102000,NA,NA,"GRAY"
"42","HALL",0.428528851591305,0.790366848382998,0.718197921974214,11.713483,0,9.73096712064933,"Hallmark Financial Services, In","2022-02-17 16:00:03",75779328,0.356,0.42624962,18172500,"USD","2021-09-30",325833000,114732000,964129000,332478000,13501000,NA,11438000,198662000,9326000,1520208000,300383000,2577000,NA,1219850000,1342428000,3757000,77270000,-26020000,122773000,-1272000,177780000,176836000,518881000,918923000,NA,NA,NA,NA,105176000,"HALL"
"43","HNRG",0.523410696436275,0.74334353133614,0.290409045993266,NA,0,6.20927330576299,"Hallador Energy Company","2022-02-17 16:00:02",99490952,-0.023,0.52343374,30612600,"USD","2021-09-30",4546000,16455000,49080000,3334000,302243000,NA,NA,8428000,NA,363085000,5006000,18983000,4e+06,66026000,169003000,306000,85545000,NA,104231000,NA,190082000,190082000,3249000,20890000,28336000,NA,NA,21143000,83523000,"HNRG"
"44","HOFV",0.53872139363956,0.635010142236596,0.273390504873512,NA,0,2.00474697416727,"Hall of Fame Resort & Entertain","2022-02-17 16:00:03",103080392,-1.423,0.5375809,95444800,"USD","2021-09-30",13208269,1670297,38729581,NA,147295956,NA,NA,146483370,NA,332508907,1828668,37417328,-497727,60990492,141663958,9524,-109301084,NA,300634234,NA,191342674,191342674,15281917,16739221,41100962,146483370,NA,NA,43256138,"HOFV"
"45","HOOK",0.554353015191607,4.45142277948795,3.47875960805023,NA,0,4.13503142801397,"HOOKIPA Pharma Inc.","2022-02-17 16:00:03",59917800,-2.133,0.55340344,26139100,"USD","2021-09-30",82269000,20399000,118577000,NA,20935000,NA,NA,2660000,NA,142172000,3454000,2810000,NA,26638000,34086000,3000,-201532000,-5779000,315394000,-5779000,108086000,108086000,NA,10100000,2735000,NA,NA,NA,2174000,"HOOK"
"46","HSTO",0.557586884937435,8.48305414881184,2.98792535675082,NA,0,0.42558388154602,"Histogen Inc.","2022-02-17 16:00:03",11853182,-0.493,0.46620825,49950200,"USD","2021-09-30",19215000,716000,21776000,NA,4580000,NA,NA,1202000,NA,27558000,309000,103000,-988000,2567000,7288000,4000,-74517000,NA,95771000,NA,21258000,21258000,597000,686000,NA,NA,NA,61000,NA,"HSTO"
"47","IMRA",0.325230314069214,14.7463828603228,13.8485759080219,NA,0,3.78193540038895,"IMARA Inc.","2022-02-17 16:00:02",32319112,-2.494,0.32522476,26275700,"USD","2021-09-30",75295000,NA,105997000,NA,855000,NA,NA,175000,NA,107027000,NA,NA,NA,7188000,7654000,27000,-133178000,-2000,232526000,-2000,99373000,99373000,NA,2476000,NA,NA,27544000,NA,NA,"IMRA"
"48","KTCC",0.524727565274629,2.28364924238157,1.20896173315342,27.272728,0,11.4345050595155,"Key Tronic Corporation","2022-02-17 16:00:03",64571400,0.22,0.5265467,10761900,"USD","2021-10-02",1544000,150104000,324333000,NA,50192000,NA,NA,16806000,10252000,391331000,12712000,1744000,NA,142024000,268274000,47249000,75267000,541000,NA,541000,123057000,123057000,29554000,111659000,2051000,NA,NA,143131000,108223000,"KTCC"
"49","LOGC",0.59513362914044,4.43279766252739,2.06257222486575,NA,0,1.17620642780853,"LogicBio Therapeutics, Inc.","2022-02-17 16:00:03",23069760,-1.184,0.59473234,32956800,"USD","2021-09-30",59581000,119000,60685000,NA,6879000,NA,NA,622000,NA,68186000,4990000,5896000,NA,13690000,29422000,3000,-130957000,NA,169718000,NA,38764000,38764000,NA,903000,3291000,NA,NA,NA,5790000,"LOGC"
"50","LRFC",0.627597427921024,6.97231673368388,0.345959344040886,37.371593,0,40.6706577107932,NA,"2022-02-17 16:00:00",69199520,0.683,0.6275921,2711070,"USD","2021-09-30",37386000,4109000,45083000,195385000,NA,NA,NA,106000,NA,240574000,NA,NA,NA,6466000,130313000,27000,-119247000,NA,229481000,NA,110261000,110261000,NA,4517000,NA,NA,NA,NA,123847000,"LRFC"
"51","LSEA",0.555960892599598,12.0101597541881,2.06697652367185,12.485875,0,11.925299960459,"Landsea Homes Corporation","2022-02-17 16:00:03",306843712,0.531,0.53061223,46281100,"USD","2021-09-30",82360000,4151000,1020179000,4301000,12996000,24457000,1917000,9261000,3958000,1073111000,18928000,40727000,1260000,84943000,493561000,5000,46398000,NA,531887000,NA,578290000,551916000,18586000,55345000,NA,NA,NA,907937000,361735000,"LSEA"
"52","MBINP",0.649939343132783,0.548830202570052,0.499906067319606,5.6575627,0,25.442287586255,"Merchants Bancorp - 7.00% Fixed","2022-02-17 15:44:10",474482368,4.76,1.4658973,28694000,"USD","2021-09-30",802576000,NA,4920153000,381886000,31423000,15845000,107316000,5495410000,NA,10952033000,NA,85219000,NA,8964800000,9842155000,137200000,610267000,262000,NA,262000,747729000,730041000,3475173000,8947319000,NA,NA,5923000,NA,792136000,"MBINP"
"53","MBRX",0.566561138765672,21.0804157549234,10.3546956872229,NA,0,2.4533980004969,"Moleculin Biotech, Inc.","2022-02-17 16:00:02",39722168,-0.7,0.48874822,28577100,"USD","2021-09-30",75178000,NA,77070000,NA,484000,NA,11148000,NA,NA,88702000,20000,3712000,NA,3656000,7443000,29000,-69984000,39000,151175000,39000,81259000,70111000,NA,1390000,NA,NA,NA,NA,NA,"MBRX"
"54","MESA",0.36916428920219,0.613442709301605,0.163528986629498,NA,0,13.3815760204649,"Mesa Air Group, Inc.","2022-02-17 16:00:03",177662160,-0.334,0.374441,35964000,"USD","2021-09-30",120517000,3167000,158386000,25149000,1244991000,NA,6792000,21279000,NA,1456597000,6298000,136667000,NA,258192000,968550000,256372000,231675000,NA,NA,NA,488047000,481255000,8064000,61476000,111710000,3499000,NA,24467000,535119000,"MESA"
"55","MTCR",0.41178205509104,6.33256083429896,3.21659799882284,NA,0,1.12219552331577,"Metacrine, Inc.","2022-02-17 16:00:04",19403994,-2.267,0.26019144,41990900,"USD","2021-09-30",17029000,67000,65580000,NA,1492000,NA,NA,438000,NA,67510000,NA,531000,NA,10356000,20388000,3000,-169427000,2000,216544000,2000,47122000,47122000,3011000,323000,459000,NA,44699000,NA,9106000,"MTCR"
"56","NEXI",0.584682227711577,13.2830450988066,13.2830450988066,NA,0,4.27582690478707,"NexImmune, Inc.","2022-02-17 16:00:02",56778000,-3.01,0.58465856,22711200,"USD","2021-09-30",37256427,NA,98726857,NA,4287254,NA,NA,1527596,NA,104541707,NA,NA,NA,7432547,7432547,2271,-112217857,702,209324044,702,97109160,97109160,4058416,3501098,NA,NA,55986355,NA,NA,"NEXI"
"57","NUWE",0.360262833127648,8.6231884057971,7.95454545454545,NA,0,2.84514500455512,"Nuwellis, Inc.","2022-02-17 15:58:12",10801040,-3.751,0.36028117,10537600,"USD","2021-09-30",28431000,1069000,32725000,NA,1370000,NA,NA,NA,NA,34095000,38000,286000,NA,3795000,4114000,1000,-248562000,-10000,278552000,-10000,29981000,29981000,NA,1851000,NA,NA,NA,2805000,NA,"NUWE"
"58","NVFY",0.273146240718667,15.9103048274963,6.94276173105424,NA,0,5.16206967197793,"Nova Lifestyle, Inc","2022-02-17 16:00:03",9428740,-4.12,0.27320287,6687050,"USD","2021-09-30",7878876,842552,37364444,NA,2463792,218606,NA,72566,NA,40119408,398541,1544560,NA,2348443,5381784,6730,-8148085,313552,42565427,313552,34737624,34519018,NA,716515,NA,NA,NA,28104723,150000,"NVFY"
"59","NVIV",0.543158231474408,10.6422885572139,8.13655382274629,NA,0,0.61123952277556,"InVivo Therapeutics Holdings Co","2022-02-17 16:00:04",11375906,-0.318,0.52389526,34264800,"USD","2021-09-30",21101000,NA,21391000,NA,910000,NA,NA,1272000,NA,23573000,NA,89000,NA,2010000,2629000,3000,-235217000,NA,256158000,NA,20944000,20944000,NA,511000,NA,1122000,NA,NA,NA,"NVIV"
"60","NWLI",0.298848934800179,26.5930812280019,0.293549282081156,4.0850058,210.75,743.952014249044,"National Western Life Group, In","2022-02-17 16:00:02",763927808,51.432,0.29884884,3436020,"USD","2021-09-30",540226000,9485000,3483082000,9481291000,NA,NA,695553000,761716000,NA,14421642000,122016000,11733906000,NA,130977000,11865408000,36000,2254446000,260036000,41716000,260036000,2556234000,2556234000,1847717000,NA,NA,71677000,NA,NA,NA,"NWLI"
"61","NXTC",0.564263340665361,32.9495661605206,25.3188873841025,NA,0,8.98516625522149,"NextCure, Inc.","2022-02-17 16:00:03",140064832,-2.461,0.5641482,27626200,"USD","2021-09-30",36664000,NA,243036000,NA,14208000,NA,NA,581000,NA,257825000,198000,2223000,NA,7376000,9599000,28000,-170087000,-129000,418414000,-129000,248226000,248226000,39000,2946000,NA,NA,198672000,NA,NA,"NXTC"
"62","OLMA",0.641347451261906,34.6343107516009,34.6343107516009,NA,0,7.46865040359813,"Olema Pharmaceuticals, Inc.","2022-02-17 16:00:03",192977600,-1.72,0.63251024,40287600,"USD","2021-09-30",25597000,NA,308280000,NA,975000,NA,NA,540000,NA,309795000,323000,NA,NA,8901000,8901000,3000,-82552000,15000,383428000,15000,300894000,300894000,432000,306000,NA,NA,280357000,NA,NA,"OLMA"
"63","ONCR",0.436428755022253,11.9749493311715,2.69128177097568,NA,0,5.72831182920687,"Oncorus, Inc.","2022-02-17 16:00:03",64522500,-2.345,0.43554008,25809000,"USD","2021-09-30",145603000,NA,147711000,NA,51521000,NA,NA,3495000,NA,202727000,NA,221000,NA,12335000,54885000,3000,-174744000,NA,322583000,NA,147842000,147842000,NA,1425000,NA,NA,NA,NA,NA,"ONCR"
"64","OPHC",0.604672916917882,0.298990571348655,0.279714210949947,7.078464,0,7.01205527288716,"OptimumBank Holdings, Inc.","2022-02-17 16:00:03",20058210,0.599,0.57828695,4730710,"USD","2021-09-30",83583000,NA,84446000,37858000,2540000,NA,NA,210229000,NA,335073000,491000,466000,NA,282437000,301901000,45000,-30683000,-336000,64146000,-336000,33172000,33172000,863000,281746000,NA,NA,NA,NA,1.8e+07,"OPHC"
"65","OXLCM",0.577934149369167,0.774943331404469,0.204277825294058,8.210935,0,22.5436985317982,"Oxford Lane Capital Corp. - 6.7","2022-02-17 15:58:28",473692320,3.091,3.64132,36357400,"USD","2021-09-30",68443129,18726668,87261233,1159215260,NA,NA,NA,323157,NA,1246799650,NA,NA,NA,112603373,427169385,1175974,-85914950,NA,904369241,NA,819630265,819630265,NA,99674867,NA,323157,NA,NA,314566012,"OXLCM"
"66","OXLCO",0.560318948202822,0.774943331404469,0.204277825294058,8.029763,0,22.5436985317982,"Oxford Lane Capital Corp. - Pre","2022-02-17 14:19:26",459254368,3.091,3.5609758,36357400,"USD","2021-09-30",68443129,18726668,87261233,1159215260,NA,NA,NA,323157,NA,1246799650,NA,NA,NA,112603373,427169385,1175974,-85914950,NA,904369241,NA,819630265,819630265,NA,99674867,NA,323157,NA,NA,314566012,"OXLCO"
"67","PASG",0.544300187451515,16.4704719101124,12.7626941561608,NA,0,6.70585839512001,"Passage Bio, Inc.","2022-02-17 16:00:03",197160224,-3.381,0.5442887,54016500,"USD","2021-09-30",162890000,NA,366468000,NA,17767000,NA,NA,6706000,NA,390941000,626000,6464000,NA,22250000,28714000,5000,-305127000,33000,667316000,33000,362227000,362227000,8935000,8978000,NA,3e+05,191511000,NA,NA,"PASG"
"68","PFIN",0.583312654707698,3.25944682508765,2.64967144327448,44.77612,0,10.2860789176718,"P & F Industries, Inc.","2022-02-17 16:00:04",19087740,0.134,0.44457617,3181290,"USD","2021-09-30",789000,8448000,33468000,NA,11310000,4446000,5749000,576000,496000,55549000,NA,102000,NA,10268000,12631000,4453000,35139000,-10832000,14158000,-619000,42918000,32723000,NA,3598000,NA,NA,NA,21623000,NA,"PFIN"
"69","PHIO",0.46931300007922,11.002004008016,10.1779755283649,NA,0,1.8652796146202,"Phio Pharmaceuticals Corp.","2022-02-17 16:00:03",11848276,-1.129,0.4693834,13534700,"USD","2021-09-30",26529000,NA,27450000,NA,466000,NA,NA,27000,NA,27943000,NA,NA,NA,2495000,2697000,1000,-113449000,NA,138694000,NA,25246000,25246000,50000,322000,NA,NA,NA,NA,NA,"PHIO"
"70","PMCB",0.484133286261672,468.404653936665,468.404653936665,NA,0,4.27568184670638,"PharmaCyte  Biotech, Inc.","2022-02-17 16:00:03",42881704,-0.674,0.46548232,20715800,"USD","2021-10-31",86938612,NA,87180411,1572193,NA,NA,3549427,7688,NA,92309719,NA,NA,NA,186122,186122,2072,-109414659,-19091,201555275,-19091,92123597,88574170,NA,157039,NA,NA,NA,NA,NA,"PMCB"
"71","PULM",0.467362998694488,10.6075604053001,5.15755566082425,NA,0,0.803443966214571,"Pulmatrix, Inc.","2022-02-17 16:00:04",21121536,-0.39,0.46762142,56249100,"USD","2021-09-30",53491000,9000,54438000,NA,1106000,NA,NA,204000,NA,55748000,1974000,5423000,NA,5132000,10555000,6000,-250609000,NA,295796000,NA,45193000,45193000,138000,875000,NA,NA,NA,NA,NA,"PULM"
"72","RAND",0.654241451743934,3.11062663398158,0.876571142412437,2.7202997,0,23.309437741668,"Rand Capital Corporation","2022-02-17 15:59:30",39360556,5.606,0.6542537,2581020,"USD","2021-09-30",13299834,247459,13779289,15525592,NA,NA,NA,46576776,NA,75881657,NA,436942,NA,4429747,15719533,264892,9460293,-1566605,52003545,NA,60162125,60162125,200281,79595,NA,NA,NA,NA,10852844,"RAND"
"73","RKDA",0.64038667910883,6.75512405609493,2.30644567219153,5.21,0,1.54578483785757,"Arcadia Biosciences, Inc.","2022-02-17 16:00:03",21960140,0.19,0.5511693,22184200,"USD","2021-09-30",35526000,1453000,43834000,NA,6120000,1648000,3905000,3721000,NA,59228000,264000,9876000,378000,6489000,19005000,63000,-217203000,-24000,257009000,-24000,39845000,34292000,NA,5004000,36000,NA,NA,5447000,78000,"RKDA"
"74","ROOT",0.655070742138365,3.80257009345794,1.46539110861002,NA,0,4.8,"Root, Inc.","2022-02-17 16:00:03",416624992,-2.336,0.64302415,132500000,"USD","2021-09-30",834100000,175800000,1.302e+09,132100000,9e+06,NA,NA,81400000,NA,1524500000,210900000,330700000,NA,342400000,888500000,NA,-1159200000,8e+05,1794400000,1600000,6.36e+08,6.36e+08,177400000,130500000,NA,NA,NA,NA,201700000,"ROOT"
"75","SBTX",0.406204050172521,19.8967224864794,14.9485974445587,NA,0,9.45337693794313,"Silverback Therapeutics, Inc.","2022-02-17 16:00:02",134914176,-2.769,0.405106,35133900,"USD","2021-09-30",300660000,NA,305355000,39938000,6918000,NA,NA,350000,NA,352561000,NA,NA,NA,15347000,20427000,4000,-162752000,-34000,494916000,-34000,332134000,332134000,NA,1720000,NA,NA,NA,NA,NA,"SBTX"
"76","SGTX",0.512494255337392,3.52434786864386,2.04312484927581,NA,0,2.88783724809884,"Sigilon Therapeutics, Inc.","2022-02-17 16:00:03",47817764,-2.76,0.51069707,32309300,"USD","2021-09-30",140393000,27000,144026000,NA,18478000,NA,NA,1293000,NA,163797000,24669000,176000,NA,40866000,70493000,32000,-195494000,NA,288766000,NA,93304000,93304000,75000,3226000,NA,NA,NA,NA,20009000,"SGTX"
"77","SINT",0.665575727599313,5.75515382175706,3.22423596304193,NA,0,0.77737214460328,"SiNtx Technologies, Inc.","2022-02-17 16:00:03",12783713,-0.379,0.6641849,24707600,"USD","2021-09-30",17183000,182000,18146000,NA,6327000,NA,33000,362000,NA,24868000,842000,NA,NA,3153000,5628000,247000,-248282000,NA,267275000,NA,19240000,19207000,NA,169000,59000,NA,NA,399000,450000,"SINT"
"78","SLDB",0.49379709262501,10.5940023068051,9.32014205986809,NA,0,2.02512330456227,"Solid Biosciences Inc.","2022-02-17 16:00:03",110296000,-0.794,0.49382713,110296000,"USD","2021-09-30",109676000,1274000,238810000,NA,8104000,NA,NA,2072000,NA,248986000,8938000,2260000,NA,22542000,25623000,112000,-458147000,-22000,681420000,-22000,223363000,223363000,4704000,4148000,NA,NA,120084000,NA,NA,"SLDB"
"79","SLRX",0.588746432345949,21.8224360103505,21.8224360103505,NA,0,0.747350600914478,"Salarius Pharmaceuticals, Inc.","2022-02-17 16:00:03",19890684,-0.307,0.46610168,45206100,"USD","2021-09-30",31903727,2086157,35184139,NA,11570,8865909,NA,201389,NA,44263007,54006,NA,NA,1612292,1612292,4517,-28092319,NA,70738517,NA,42650715,33784806,NA,1234922,NA,NA,NA,NA,NA,"SLRX"
"80","SND",0.431257837512931,2.0672184850834,0.630326043858846,NA,0,5.40280036053869,"Smart Sand, Inc.","2022-02-17 16:00:02",105468848,-0.992,0.38659364,45265600,"USD","2021-09-30",36678000,16575000,82666000,NA,271867000,NA,7659000,21176000,NA,383368000,9234000,49452000,NA,39989000,131148000,42000,82826000,-4074000,173426000,353000,252220000,244561000,NA,4825000,7161000,NA,NA,15381000,16711000,"SND"
"81","SPRB",0.429203073838958,10.3655225692528,6.11192815774061,NA,0,5.10248006444161,"Spruce Biosciences, Inc.","2022-02-17 16:00:02",51384192,-1.809,0.42765087,23463100,"USD","2021-09-30",58363000,NA,93922000,38975000,1559000,NA,NA,631000,NA,135087000,NA,51000,NA,9061000,15367000,3000,-93949000,-16000,213682000,-16000,119720000,119720000,301000,2128000,NA,NA,33957000,NA,4867000,"SPRB"
"82","TARA",0.400337939796577,25.9476681127983,9.29890195316296,NA,0,12.5394056445081,"Protara Therapeutics, Inc.","2022-02-17 15:59:57",56403212,-4.083,0.33100355,11235700,"USD","2021-09-30",40742000,NA,95695000,44652000,9142000,29517000,NA,1691000,NA,180697000,30000,NA,NA,3688000,10291000,11000,-83784000,-39000,254218000,-39000,170406000,140889000,NA,928000,NA,NA,53016000,NA,NA,"TARA"
"83","TBLT",0.283191567492643,4.44157097112487,4.44157097112487,NA,0,0.560751160092807,"ToughBuilt Industries, Inc.","2022-02-17 16:00:03",20532840,-0.434,0.28206038,129300000,"USD","2021-09-30",31189160,17040362,80592896,NA,9930109,NA,333403,127253,NA,90983661,4560663,NA,NA,18145133,18145133,12930,-83332784,NA,156158382,NA,72838528,72505125,NA,12142937,NA,NA,NA,31317878,NA,"TBLT"
"84","TCRR",0.36314809808339,18.3546610169492,7.495402185198,NA,0,8.01325993448525,"TCR2 Therapeutics Inc.","2022-02-17 16:00:04",111221368,-2.464,0.3631599,38220400,"USD","2021-09-30",262497000,NA,303219000,NA,41684000,NA,NA,1821000,NA,346724000,1051000,299000,NA,16520000,40454000,4000,-321783000,-15000,628064000,-15000,306270000,306270000,NA,4384000,NA,NA,33244000,NA,NA,"TCRR"
"85","TERN",0.532774367434188,25.9384883214856,23.1179208688906,NA,0,6.81339122106438,"Terns Pharmaceuticals, Inc.","2022-02-17 16:00:03",91720304,-2.134,0.53272676,25267300,"USD","2021-09-30",64751000,NA,178794000,NA,927000,NA,NA,169000,NA,179890000,919000,841000,NA,6893000,7734000,3000,-167825000,-167000,340145000,-167000,172156000,172156000,NA,1582000,NA,NA,112445000,NA,NA,"TERN"
"86","TLIS",0.206213772610119,8.85575266415672,6.26482936078007,NA,0,9.84415297885776,"Talis Biomedical Corporation","2022-02-17 16:00:02",53365856,-13.745,0.20365168,26288600,"USD","2021-09-30",273603000,219000,277557000,NA,23791000,NA,NA,1748000,NA,303096000,983000,NA,NA,31342000,44304000,2000,-336288000,NA,595075000,NA,258789000,258789000,938000,5388000,NA,NA,NA,NA,NA,"TLIS"
"87","TNXP",0.478817049154371,16.2216863462498,15.5369544440905,NA,0,0.407253647352204,"Tonix Pharmaceuticals Holding C","2022-02-17 16:00:04",96767968,-0.277,0.38922155,496246016,"USD","2021-09-30",182970000,NA,195082000,NA,19301000,NA,120000,271000,NA,214774000,43000,NA,NA,12026000,12556000,404000,-330267000,-81000,532162000,-81000,202218000,202098000,12112000,7964000,NA,NA,NA,NA,NA,"TNXP"
"88","TPST",0.530146729143697,10.0849588908593,2.65004659832246,NA,0,6.30014239572118,"Tempest Therapeutics, Inc.","2022-02-17 16:00:03",23080468,-9.29,0.52940243,6910320,"USD","2021-09-30",59716000,NA,62557000,NA,4473000,NA,NA,112000,NA,67142000,NA,NA,NA,6203000,23606000,7000,-92284000,-89000,135902000,-89000,43536000,43536000,1541000,2380000,NA,NA,NA,NA,15005000,"TPST"
"89","TUSK",0.154198489737823,2.91636376082418,1.68899434275679,NA,0,9.85742469063343,"Mammoth Energy Services, Inc.","2022-02-17 16:00:03",70959832,-2.165,0.1489904,46684100,"USD","2021-09-30",7953000,402273000,426037000,3200000,270193000,12608000,3471000,12998000,8094000,728507000,67904000,6329000,NA,146085000,252243000,467000,-59236000,-2947000,537980000,-2947000,476264000,460185000,754000,43633000,1449000,NA,1760000,9438000,79195000,"TUSK"
"90","UK",0.155646790995334,0.624551203390023,0.413429085265207,NA,0,3.64090824547854,"Ucommune International Ltd","2022-02-17 16:00:03",44166956,-1.184,0.023688775,77937696,"USD","2021-09-30",236914000,161572000,604134000,28736000,995507000,1547535000,33129000,319960000,NA,3529001000,113545000,43076000,203297000,967309000,1461276000,60000,-2703578000,4351000,4563595000,4351000,1864428000,283764000,205648000,223978000,14432000,NA,NA,NA,2842000,"UK"
"91","UNAM",0.506080174250948,0.362657314512015,0.362657314512015,NA,0,6.58848150563823,"Unico American Corporation","2022-02-17 16:00:04",17687994,-3.61,0.5061172,5304860,"USD","2021-06-30",1878556,4029427,35382856,90865077,2225986,NA,3827217,215374,NA,132516510,21103264,NA,NA,97565538,97565538,3771757,29484647,1694568,NA,1694568,34950972,34950972,23006559,74197167,NA,NA,6468314,NA,NA,"UNAM"
"92","USAP",0.3747853358725,5.39101713129781,1.63511997775882,NA,0,25.3478424973204,"Universal Stainless & Alloy Pro","2022-02-17 16:00:03",84821792,-0.09,0.3745909,8928610,"USD","2021-12-31",118000,21192000,170561000,NA,159162000,NA,NA,909000,NA,330632000,943000,5821000,NA,31638000,104311000,226321000,NA,NA,NA,NA,226321000,226321000,8567000,2.4e+07,2392000,NA,NA,140684000,66852000,"USAP"
"93","VERY",0.493092056716655,7.0839621769797,0.377407873555768,NA,0,11.8436302521008,"Vericity, Inc.","2022-02-17 09:30:02",86870000,-1.293,0.4885394,14875000,"USD","2021-09-30",20712000,31064000,229995000,358953000,NA,NA,95375000,102893000,13075000,787216000,NA,554142000,NA,32467000,609407000,15000,125960000,11994000,39840000,11994000,177809000,176174000,178219000,28501000,NA,NA,NA,NA,22798000,"VERY"
"94","VIVE",0.481789639086668,7.12184983112497,2.73600159696577,NA,0,1.92075528643918,"Viveve Medical, Inc.","2022-02-17 16:00:04",9811646,-3.133,0.4817283,10602600,"USD","2021-09-30",22665000,514000,27412000,645000,2259000,NA,NA,68000,NA,30384000,436000,822000,NA,3849000,10019000,1000,-235525000,NA,255889000,NA,20365000,20365000,NA,1292000,NA,NA,NA,2150000,4964000,"VIVE"
"95","VRPX",0.601838286298542,23.8838823518373,23.8838823518373,NA,0,3.53915697823303,"Virpax Pharmaceuticals, Inc.","2022-02-17 16:00:03",24952952,-1.911,0.60186493,11715000,"USD","2021-09-30",41713435,NA,43273033,NA,NA,NA,NA,NA,NA,43273033,10000,NA,NA,1811809,1811809,117,-18586278,NA,60047385,NA,41461224,41461224,1095940,572,NA,NA,NA,NA,NA,"VRPX"
"96","VYNE",0.483138878511021,3.62570843453827,3.39422176646306,NA,0,1.10030475784737,"VYNE Therapeutics Inc.","2022-02-17 16:00:03",28450116,-1.746,0.4832727,53517900,"USD","2021-09-30",52306000,10084000,76129000,NA,1508000,NA,NA,3678000,NA,81315000,7404000,657000,NA,20997000,22429000,5000,-627955000,NA,686836000,NA,58886000,58886000,605000,7621000,NA,NA,NA,8070000,NA,"VYNE"
"97","WLFC",0.612818068158903,3.42351662801103,0.180228913693481,NA,0,57.7006507592191,"Willis Lease Finance Corporatio","2022-02-17 16:00:02",212727536,-0.757,0.63159776,6016050,"USD","2021-09-30",15092000,238741000,374923000,53153000,30800000,NA,23713000,2018299000,NA,2500888000,NA,154446000,NA,109514000,2080260000,66000,354486000,638000,15653000,638000,370843000,347130000,67534000,47168000,NA,NA,NA,53556000,1814208000,"WLFC"
"98","XBIO",0.625535082775358,18.3513720524835,18.3513720524835,NA,0,1.50591074096206,"Xenetic Biosciences, Inc.","2022-02-17 16:00:03",12611496,-0.581,0.625498,13388000,"USD","2021-09-30",19702729,4e+05,20580972,NA,NA,NA,NA,704430,NA,21285402,NA,NA,NA,1121495,1121495,13411,-180705585,-5027446,205880753,253734,20161133,20161133,236326,248485,NA,NA,NA,NA,NA,"XBIO"
"99","YMTX",0.400030305830176,2.69585176062252,1.28924823302634,NA,0,3.14976135966784,"Yumanity Therapeutics, Inc.","2022-02-17 16:00:03",12988584,-7.812,0.39999998,10308400,"USD","2021-09-30",43532000,NA,48156000,NA,20351000,NA,NA,1314000,NA,69821000,823000,NA,NA,17863000,37352000,10000,-176902000,NA,209361000,NA,32469000,32469000,NA,976000,5678000,NA,2899000,NA,8742000,"YMTX"
"100","ACR",0.256024006287794,6.06385964279705,1.24691052907016,3.7551022,13.99,46.7143695462779,"ACRES Commercial Realty Corp.","2022-02-17 16:00:02",112706376,3.185,0.24527295,9423610,"USD","2021-09-30",109949000,1873441000,2018101000,1548000,6243000,NA,3041000,32817000,NA,2061750000,4683000,NA,NA,332808000,1618481000,9000,-730862000,-8594000,1182706000,-8594000,443259000,440218000,34711000,3168000,320465000,NA,NA,NA,1282137000,"ACR"
"101","CHN",0.567976124373271,0.0023252361153607,0.0023252361153607,15.754802,17.27,30.3181744607786,"China Fund, Inc. (The)","2022-02-17 15:59:50",178516288,1.093,0.5679794,10366800,"USD","2021-10-31",NA,NA,20344,265199805,NA,NA,NA,57831521,NA,323051670,NA,NA,NA,8749219,8749219,103668,132747606,NA,181451177,NA,314302451,314302451,33,NA,NA,NA,NA,NA,NA,"CHN"
"102","CNO",0.567505705822775,2.20272999252057,0.193239678748589,7.3422623,0,43.4709288319197,"CNO Financial Group, Inc.","2022-02-17 16:00:02",2969700608,3.36,0.5646084,120377000,"USD","2021-09-30",742100000,NA,5890100000,26203200000,NA,NA,1311700000,2308700000,135500000,35713700000,1951700000,23987300000,NA,2.674e+09,30480800000,1200000,1027400000,1929700000,2274600000,1929700000,5232900000,5232900000,4904400000,512300000,2.1e+08,NA,NA,NA,3819500000,"CNO"
"103","EVF",0.454167781421471,0.327929776634565,0.327929776634565,6.0771995,0,14.906385179441,"Eaton Vance Senior Income Trust","2022-02-17 16:00:02",118730904,1.114,0.980591,17537800,"USD","2021-06-30",5862147,28535413,36059638,372796545,NA,NA,NA,130850,NA,408987033,291444,NA,NA,109961463,109961463,378666,-16492234,NA,277538770,NA,261425202,261425202,1652364,5292908,NA,130850,NA,NA,NA,"EVF"
"104","FINV",0.130332771684344,15.5712211292588,2.35396443790594,3.604466,0,34.6804563548077,"FinVolution Group","2022-02-17 16:00:02",1280859520,1.254,0.12910597,283376000,"USD","2021-09-30",3349759000,3129244000,14669445000,972277000,148109000,50411000,98947000,329147000,329147000,16268336000,103532000,5269746000,59565000,942087000,6231804000,103000,4645500000,-345515000,5676879000,-2754000,9976967000,9827609000,4893434000,NA,NA,NA,1738575000,NA,NA,"FINV"
"105","GATO",0.598240122115893,3.64481820430373,0.886322627210393,NA,0,5.666621190093,"Gatos Silver, Inc.","2022-02-17 16:00:02",234365952,-0.207,0.59820014,69134496,"USD","2021-09-30",12398000,1280000,14736000,393608000,NA,NA,NA,41000,NA,408385000,260000,NA,NA,4043000,16626000,117000,-150551000,NA,542193000,NA,391759000,391759000,1058000,263000,NA,NA,NA,NA,12583000,"GATO"
"106","GF",0.566794979227122,0.725471279536741,0.634537864879522,1.6416391,13.85,22.7595514513549,"New Germany Fund, Inc. (The)","2022-02-17 15:59:11",203185312,7.858,0.5667838,15750800,"USD","2021-06-30",304548,333134,637682,358801844,NA,NA,NA,46572,NA,359486098,NA,125965,NA,878990,1004955,181144937,177336206,NA,NA,NA,358481143,358481143,NA,455721,NA,NA,NA,NA,NA,"GF"
"107","GIM",0.655940626733845,2.27779613148755,2.23209920234369,NA,0,7.60739528390906,"Templeton Global Income Fund, I","2022-02-17 16:00:02",512956992,-0.148,0.85591763,102797000,"USD","2021-06-30",9853462,10433929,31750321,764491514,NA,NA,NA,NA,NA,796241835,12647370,285369,NA,13939053,14224422,987421362,-205403949,NA,NA,NA,782017413,782017413,11462930,NA,NA,NA,NA,NA,NA,"GIM"
"108","HUYA",0.127201796534448,4.70533597229698,4.37048068523946,7.6830893,0,45.3609964100922,"HUYA Inc.","2022-02-17 16:00:02",1369405696,0.751,0.12613952,237332000,"USD","2021-09-30",3103779000,285993000,12343282000,582213000,487367000,NA,90717000,176993000,26451000,13680572000,808032000,149771000,NA,2623252000,2824239000,156000,-865046000,32526000,11688697000,32526000,10856333000,10765616000,937692000,18918000,NA,NA,8015818000,NA,NA,"HUYA"
"109","IH",0.198552852766879,2.01750324304262,1.95328871763672,NA,0,11.3319956117732,"iHuman Inc.","2022-02-17 15:59:29",119980128,-0.25,0.19253808,53324500,"USD","2021-09-30",918866000,77432000,1098010000,NA,66819000,NA,18888000,1578000,NA,1185295000,356816000,NA,NA,544242000,562134000,184000,-415116000,-25860000,1063953000,-25860000,623161000,604273000,76873000,36855000,NA,NA,NA,24839000,NA,"IH"
"110","IRL",0.520117122448258,4.00750598450116,4.00750598450116,1.6801292,10.45,19.9954963048435,"New Ireland Fund, Inc (The)","2022-02-17 16:00:02",37854960,6.19,0.6856088,3639900,"USD","2021-04-30",609509,435140,1086503,71966221,NA,NA,NA,NA,NA,73052724,NA,NA,NA,271117,271117,48532,28905498,NA,43827577,NA,72781607,72781607,NA,NA,NA,NA,NA,NA,NA,"IRL"
"111","KF",0.583056564916869,2.03138546586846,2.03138546586846,1.3256907,0,54.14568742003,"Korea Fund, Inc. (The) New","2022-02-17 15:14:07",159142784,23.814,0.5806297,5040950,"USD","2021-06-30",1881646,998925,2991144,271427024,NA,NA,NA,NA,NA,274418168,NA,NA,NA,1472465,1472465,50200,145664776,NA,127230727,NA,272945703,272945703,NA,1057922,NA,NA,NA,NA,NA,"KF"
"112","NGS",0.628724661967897,4.48538124678001,1.16506916913401,NA,0,18.6727204399212,"Natural Gas Services Group, Inc","2022-02-17 16:00:02",153074336,-0.412,0.6204418,13038700,"USD","2021-09-30",24424000,23132000,69649000,NA,21441000,NA,1057000,212159000,NA,304306000,693000,44026000,NA,15528000,59781000,134000,135717000,-4922000,113596000,NA,244525000,243468000,33000,1120000,NA,NA,NA,21392000,NA,"NGS"
"113","OSG",0.501272706477398,0.727473742399116,0.14258501481586,NA,0,3.61080886817485,"Overseas Shipholding Group, Inc","2022-02-17 15:59:57",157778592,-0.48,0.46589446,87170496,"USD","2021-09-30",84971000,22251000,113176000,NA,925854000,NA,23767000,69470000,NA,1132267000,NA,100141000,NA,155574000,793744000,871000,-255911000,-580000,594143000,-580000,338523000,314756000,37000,39492000,21530000,43512000,NA,5917000,430255000,"OSG"
"114","PGRE",0.612999251116391,6.64614756228881,0.219220070312133,NA,9.66,15.807522972652,"Paramount Group, Inc.","2022-02-17 16:00:02",2121683584,-0.17,0.5912142,218956000,"USD","2021-09-30",494569000,349550000,894937000,417616000,6928466000,NA,127529000,177037000,NA,8545585000,16897000,113268000,874536000,134655000,4082368000,2189000,NA,-531447000,4117939000,-531447000,3588681000,3461152000,49683000,117508000,NA,115658000,NA,NA,3834445000,"PGRE"
"115","RVI",0.115069818620168,46.8084562438545,32.2652839907822,NA,0,27.0270679824977,"Retail Value Inc.","2022-02-17 16:00:02",65674488,-2.646,0.11445184,21117200,"USD","2021-09-30",460949000,10960000,714063000,NA,68410000,NA,3089000,394000,NA,785956000,4698000,6876000,NA,15255000,22131000,2112000,NA,-168804000,740517000,-168791000,573825000,570736000,242154000,10557000,NA,194000,NA,NA,NA,"RVI"
"116","RYAM",0.440702156742813,2.57549157976077,0.477464240957608,3.3354714,5.22,11.7993517150056,"Rayonier Advanced Materials Inc","2022-02-17 16:00:02",331434464,1.559,0.42207792,63737400,"USD","2021-09-25",279156000,232853000,806577000,NA,1146142000,NA,33184000,488634000,340736000,2474537000,64040000,443649000,NA,313174000,1689293000,637000,513371000,-134118000,405354000,-134118000,785244000,752060000,NA,143889000,22353000,NA,34204000,206209000,921941000,"RYAM"
"117","SCX",0.615213335056209,2.17448531893351,1.15108745733387,4.003369,0,11.6479107058733,"L.S. Starrett Company (The)","2022-02-17 15:59:58",47611360,1.781,0.6069635,6644110,"USD","2021-09-30",6627000,39087000,122417000,NA,42605000,1015000,4843000,18717000,18717000,189597000,2e+05,39665000,NA,56297000,106349000,7226000,77413000,-57939000,56548000,-57939000,83248000,77390000,1e+05,17310000,13903000,NA,NA,61198000,5540000,"SCX"
"118","TDF",0.595188460507921,2.22178901292249,2.22178901292249,1.9820504,0,26.3445967796806,"Templeton Dragon Fund, Inc.","2022-02-17 16:00:02",530048288,7.911,0.5951794,33804100,"USD","2021-06-30",4904586,3697339,8601925,883000334,NA,NA,NA,2824746,NA,894427005,NA,NA,NA,3871621,3871621,360700870,529854514,NA,NA,NA,890555384,890555384,NA,2749729,NA,NA,NA,NA,NA,"TDF"
"119","TPC",0.455121079903067,2.0369650318755,1.23155096505243,6.1602936,11.78,25.8392791409842,"Tutor Perini Corporation","2022-02-17 16:00:01",600611456,1.909,0.37045205,51072400,"USD","2021-09-30",187535000,3451843000,3937431000,NA,496827000,205143000,96469000,91880000,NA,4827750000,1040975000,272498000,9332000,1932989000,3197132000,51072000,484978000,-47160000,1132396000,-47160000,1621286000,1319674000,298053000,656135000,28029000,2200000,NA,NA,939955000,"TPC"
"120","TRTX",0.65030249906777,128.314295778192,1.35801088436678,27.293064,0,18.7604999480843,"TPG RE Finance Trust, Inc.","2022-02-17 16:00:02",939985600,0.447,0.6502852,77048000,"USD","2021-09-30",269263000,4736544000,5099980000,NA,99200000,NA,NA,1765000,NA,5200945000,23493000,934000,NA,39746000,3755478000,77000,-264840000,NA,1710222000,NA,1445459000,1445459000,94173000,NA,NA,NA,NA,NA,3714798000,"TRTX"
"121","UNM",0.541173504240161,29.1636542239686,0.2495691807457,7.1567163,28.75,53.1622505110758,"Unum Group","2022-02-17 16:00:02",5826328064,4.02,0.5103507,202514000,"USD","2021-09-30",121700000,1545900000,14844300000,44722300000,462500000,352100000,2231500000,7985200000,NA,70597900000,5.09e+08,55529300000,NA,5.09e+08,59479700000,30700000,11754800000,-3065800000,2398500000,113900000,11118200000,10766100000,1.1704e+10,NA,NA,NA,1472700000,NA,3441400000,"UNM"
"122","WMC",0.553045435947209,5.12159763195583,0.984804534668359,NA,0,3.45360409727916,"Western Asset Mortgage Capital ","2022-02-17 16:00:02",116242408,-0.427,0.55298203,60859900,"USD","2021-09-30",63916000,2499460000,2567672000,9201000,NA,NA,NA,252471000,NA,2829344000,3651000,8804000,11867000,501342000,2607291000,609000,-707808000,-578000,917963000,NA,210186000,210186000,4202000,2965000,NA,NA,NA,NA,2097145000,"WMC"
"123","AIM",0.613288901592212,49.5919165580183,36.8218780251694,NA,0.99,1.2791687994391,"AIM ImmunoTech Inc.","2022-02-17 16:00:00",36476584,-0.378,0.6119345,46496600,"USD","2021-09-30",37349000,28000,38037000,15811000,6138000,NA,1845000,1249000,NA,63080000,NA,158000,NA,767000,1033000,48000,-355255000,-250000,416779000,-250000,61322000,59477000,NA,369000,NA,NA,499000,NA,NA,"AIM"
"124","AWX",0.332365799989883,0.934395293334073,0.43124647779087,4.5295696,0,12.0262193359999,"Avalon Holdings Corporation","2022-02-17 15:50:56",13141079,0.744,0.3323799,3287650,"USD","2021-09-30",4106000,10758000,16835000,NA,59623000,NA,NA,2136000,8000,78594000,5561000,1e+05,18000,18017000,39038000,39000,-19701000,NA,59200000,NA,39538000,39538000,66000,8973000,1111000,NA,NA,1154000,19663000,"AWX"
"125","DSS",0.546571079040077,7.73496570425905,4.90199150828953,NA,0,0.719394097819969,"DSS, Inc.","2022-02-17 15:59:21",59421568,-0.591,0.17824116,151123008,"USD","2021-09-30",69137000,22490000,96981000,36861000,6594000,43807000,23373000,11460000,283000,219076000,415000,507000,23395000,12538000,19784000,1594000,-120379000,NA,294682000,NA,175897000,108717000,350000,1948000,498000,NA,NA,3535000,6664000,"DSS"
"126","HTBX",0.582392532507806,33.9887892710595,12.7228718336114,NA,0,4.85926553427677,"Heat Biologics, Inc.","2022-02-17 16:00:03",71891904,-1.152,0.5697604,25403500,"USD","2021-09-30",7882412,71420,111831308,NA,4186140,1452338,NA,15185439,NA,132655225,NA,3999408,-1029250,3290241,8789785,5028,-152155580,-52545,277097787,-52545,124894690,123442352,NA,1065663,NA,5866000,101032250,NA,NA,"HTBX"
"127","IOR",0.599963033007574,8712.72727272727,8712.72727272727,15.296435,0,25.7505859548365,"Income Opportunity Realty Inves","2022-02-17 14:52:23",64399432,1.01,0.5999534,4168410,"USD","2021-09-30",13000,95827000,95840000,NA,NA,NA,NA,11510000,NA,107350000,NA,NA,NA,11000,11000,42000,45381000,-39000,61955000,NA,107339000,107339000,NA,11000,NA,NA,NA,NA,NA,"IOR"
"128","MSN",0.604521181803971,25.8453947368421,10.0312799233961,NA,0,1.21600364972176,"Emerson Radio Corporation","2022-02-17 15:57:11",15468488,-0.18,0.633161,21042700,"USD","2021-09-30",26025000,1485000,31428000,NA,509000,NA,NA,94000,NA,32031000,260000,1613000,NA,1216000,3133000,529000,-21532000,-33201000,79792000,NA,25588000,25588000,453000,734000,NA,NA,NA,2899000,NA,"MSN"
"129","NILE",0.427863985705367,5.69078290393449,4.60691188358933,NA,0,2.20327044621788,"BitNile Holdings, Inc.","2022-02-17 16:00:00",79498840,-0.162,0.2993649,84331000,"USD","2021-09-30",44047000,8168000,113975000,56678000,34751000,9606000,4069000,6642000,NA,225721000,4412000,NA,1502000,20028000,24740000,63000,-120066000,-12404000,331886000,-9631000,199479000,185804000,NA,9387000,1697000,NA,49931000,3842000,447000,"NILE"
"130","PZG",0.608607951730567,4.43262238548617,0.663751034333827,NA,0,1.08442552102844,"Paramount Gold Nevada Corp.","2022-02-17 15:57:02",28893570,-0.202,0.59727603,43778800,"USD","2021-09-30",3659067,NA,4493633,NA,49250535,NA,NA,500738,NA,54244906,316022,1579591,NA,1013764,6770058,405253,-61947693,NA,109017288,NA,47474848,47474848,NA,697742,NA,NA,NA,NA,4176703,"PZG"
"131","SSY",0.42314719680431,2.83817097415507,2.48451096414897,1.6751918,1.57,3.09584924110064,"SunLink Health Systems, Inc.","2022-02-17 16:00:00",9109936,0.782,0.41027245,6954150,"USD","2021-09-30",8933000,8273000,21414000,NA,8085000,NA,1220000,649000,NA,31368000,514000,2e+05,NA,7545000,8619000,3463000,8748000,-162000,10700000,-162000,22749000,21529000,NA,1698000,NA,NA,NA,1917000,NA,"SSY"
"132","WWR",0.557765479643101,21.7154395191585,17.0394988946205,NA,0,3.56780779897827,"Westwater Resources, Inc.","2022-02-17 16:00:00",70388888,-0.494,0.5563321,35371300,"USD","2021-12-31",115293000,NA,115613000,NA,14705000,NA,NA,2665000,NA,132983000,NA,1378000,NA,5324000,6785000,35000,-342157000,-258000,468578000,NA,126198000,126198000,NA,3043000,NA,NA,NA,NA,NA,"WWR"
